Workbook

Sheet Plan1
B4: F2829V | C4: F2830H | D4: F2852H | E4: F2854H | F4: F2859H | G4: F2880H | H4: F2910H | I4: F2911V | J4: F2935H | K4: F2870H(6mm)
A5: Meso-macopores (v/v) | B5: =F2829V!$C$20 -> 0.35507795 | C5: =F2830H!$C$20 -> 0.57890019 | D5: =F2852H!$C$20 -> 0.69727902 | E5: =F2854H!$C$20 -> 0.97991361 | F5: =F2859H!$C$20 -> 0.97550208 | G5: =F2880H!$C$20 -> 0.90417019 | H5: =F2910H!$C$20 -> 0.93176598 | I5: =F2911V!$C$20 -> 0.92698342 | J5: =F2935H!$C$20 -> 0.92834408 | K5: =F2870H!$C$20 -> 0.99463573
A6: Aspect ratio Meso-macopores | B6: =F2829V!$B$48 -> 0.677752 | C6: =F2830H!$B$48 -> 0.55193587 | D6: =F2852H!$B$48 -> 0.58180851 | E6: =F2854H!$B$48 -> 0.53778411 | F6: =F2859H!$B$48 -> 0.53727093 | G6: =F2880H!$B$48 -> 0.56029398 | H6: =F2910H!$B$48 -> 0.56924221 | I6: =F2911V!$B$48 -> 0.54715049 | J6: =F2935H!$B$48 -> 0.55726415 | K6: =F2870H!$B$48 -> 0.55125387
A7: Micropores (v/v) | B7: =F2829V!$C$19 -> 0.64492205 | C7: =F2830H!$C$19 -> 0.42109981 | D7: =F2852H!$C$19 -> 0.30272098 | E7: =F2854H!$C$19 -> 0.020086387 | F7: =F2859H!$C$19 -> 0.024497923 | G7: =F2880H!$C$19 -> 0.095829811 | H7: =F2910H!$C$19 -> 0.068234023 | I7: =F2911V!$C$19 -> 0.073016581 | J7: =F2935H!$C$19 -> 0.071655921 | K7: =F2870H!$C$19 -> 0.0053642707
A8: Aspect ratio Micropores | B8: ? | C8: ? | D8: ? | E8: ? | F8: ? | G8: ? | H8: ? | I8: ? | J8: ? | K8: ?

Sheet Detected_pores
B1: 2D pore geometry and resolution - circunference approximation
B2: CT- resolutions for specimen in diameter: | C2: ~38 mm | D2: ~6 mm | E2: ~2.5 mm | I2: Micropores - Anselmetti et al. (1998), area < 500 µm²
B3: Minimum pixel (voxel) quantity for pore area | C3: 2 | D3: 2 | E3: 2 | I3: Circunference approximation | P3: Micro CT (sample ~38 mm in diameter) | Z3: Most significance
B4: Minimun pore area (pixel) | C4: =(C3)^2 -> 4 | D4: =(D3)^2 -> 4 | E4: =(E3)^2 -> 4 | I4: Minimun pore area (µm²) | J4: 500 | P4: Detected Minimun pore area (µm²) | Z4: =MIN(Q4:U4) -> 0
B5: Minimun pore diameter (pixel) | C5: =2*SQRT(C4/PI()) -> 2.2567583 | D5: =2*SQRT(D4/PI()) -> 2.2567583 | E5: =2*SQRT(E4/PI()) -> 2.2567583 | I5: Minimun pore diameter (µm) | J5: =2*SQRT(J4/PI()) -> 25.231325 | P5: Detected Maximun pore area (µm²) | Z5: =MAX(Q5:U5) -> 0
B6: Minimun pore radius (pixel) | C6: =SQRT(C4/PI()) -> 1.1283792 | D6: =SQRT(D4/PI()) -> 1.1283792 | E6: =SQRT(E4/PI()) -> 1.1283792 | I6: Minimun pore radius (µm) | J6: =SQRT(J4/PI()) -> 12.615663 | P6: Detected Maximun pore area (mm²) | Z6: =MAX(Q6:U6) -> 0
B7: Pixel (voxel) resolution (µm) | C7: 12.14 | D7: 3.33 | E7: 1.27 | P7: Detected Minimun pore diameter (µm) | Z7: =MIN(Q7:U7) -> 0
B8: Minimun pore area (µm²) | C8: =(C3*C7)^2 -> 589.5184 | D8: =(D3*D7)^2 -> 44.3556 | E8: =(E3*E7)^2 -> 6.4516 | P8: Detected Maximun pore diameter (µm) | Z8: =MAX(Q8:U8) -> 0
B9: Minimun pore diameter (µm) | C9: =2*SQRT(C8/PI()) -> 27.397046 | D9: =2*SQRT(D8/PI()) -> 7.5150053 | E9: =2*SQRT(E8/PI()) -> 2.8660831 | P9: Detected Maximun pore diameter (mm) | Z9: =MAX(Q9:U9) -> 0
B10: Minimun pore radius (µm) | C10: =SQRT(C8/PI()) -> 13.698523 | D10: =SQRT(D8/PI()) -> 3.7575026 | E10: =SQRT(E8/PI()) -> 1.4330415
P11: Micro CT (sample ~6 mm in diameter) | Q11: =F2870H!A1 -> F2870H(6mm) | Z11: Most significance
P12: Detected Minimun pore area (µm²) | Q12: =F2870H!$B$6 -> 177.53059 | Z12: =MIN(Q12:U12) -> 177.53059
B13: mm | C13: microns | P13: Detected Maximun pore area (µm²) | Q13: =F2870H!$B$7 -> 188673.67 | Z13: =MAX(Q13:U13) -> 188673.67
B14: 2.5 | C14: =B14*1000 -> 2500 | P14: Detected Maximun pore area (mm²) | Q14: =Q13*0.000001 -> 0.18867367 | Z14: =MAX(Q14:U14) -> 0.18867367
B15: 6 | C15: =B15*1000 -> 6000 | P15: Detected Minimun pore diameter (µm) | Q15: =F2870H!$B$9 -> 15.034592 | Z15: =MIN(Q15:U15) -> 15.034592
B16: 38 | C16: =B16*1000 -> 38000 | P16: Detected Maximun pore diameter (µm) | Q16: =F2870H!$B$10 -> 490.12935 | Z16: =MAX(Q16:U16) -> 490.12935
P17: Detected Maximun pore diameter (mm) | Q17: =Q16*0.001 -> 0.49012935 | Z17: =MAX(Q17:U17) -> 0.49012935
P19: Micro CT (sample ~2.5 mm in diameter) | Q19: =F2829V!A1 -> F2829V | R19: =F2830H!A1 -> F2830H | S19: =F2852H!A1 -> F2852H | T19: =F2854H!A1 -> F2854H | U19: =F2859H!A1 -> F2859H | V19: =F2880H!A1 -> F2880H | W19: =F2910H!A1 -> F2910H | X19: =F2911V!A1 -> F2911V | Y19: =F2935H!A1 -> F2935H | Z19: Most significance
P20: Detected Minimun pore area (µm²) | Q20: =F2829V!$B$6 -> 28.617086 | R20: =F2830H!$B$6 -> 22.978662 | S20: =F2852H!$B$6 -> 25.822136 | T20: =F2854H!$B$6 -> 28.617086 | U20: =F2859H!$B$6 -> 25.822136 | V20: =F2880H!$B$6 -> 25.822136 | W20: =F2910H!$B$6 -> 25.822136 | X20: =F2911V!$B$6 -> 25.822136 | Y20: =F2935H!$B$6 -> 25.822136 | Z20: =MIN(Q20:Y20) -> 22.978662
P21: Detected Maximun pore area (µm²) | Q21: =F2829V!$B$7 -> 2726.1217 | R21: =F2830H!$B$7 -> 21535.904 | S21: =F2852H!$B$7 -> 47268.675 | T21: =F2854H!$B$7 -> 342081.7 | U21: =F2859H!$B$7 -> 173392.68 | V21: =F2880H!$B$7 -> 280403.43 | W21: =F2910H!$B$7 -> 2982101.3 | X21: =F2911V!$B$7 -> 705065.97 | Y21: =F2935H!$B$7 -> 1052435 | Z21: =MAX(Q21:Y21) -> 2982101.3
P22: Detected Maximun pore area (mm²) | Q22: =Q21*0.000001 -> 0.0027261217 | R22: =R21*0.000001 -> 0.021535904 | S22: =S21*0.000001 -> 0.047268675 | T22: =T21*0.000001 -> 0.3420817 | U22: =U21*0.000001 -> 0.17339268 | V22: =V21*0.000001 -> 0.28040343 | W22: =W21*0.000001 -> 2.9821013 | X22: =X21*0.000001 -> 0.70506597 | Y22: =Y21*0.000001 -> 1.052435 | Z22: =MAX(Q22:Y22) -> 2.9821013
P23: Detected Minimun pore diameter (µm) | Q23: =F2829V!$B$9 -> 6.0362576 | R23: =F2830H!$B$9 -> 5.4090056 | S23: =F2852H!$B$9 -> 5.7339135 | T23: =F2854H!$B$9 -> 6.0362576 | U23: =F2859H!$B$9 -> 5.7339135 | V23: =F2880H!$B$9 -> 5.7339135 | W23: =F2910H!$B$9 -> 5.7339135 | X23: =F2911V!$B$9 -> 5.7339135 | Y23: =F2935H!$B$9 -> 5.7339135 | Z23: =MIN(Q23:Y23) -> 5.4090056
P24: Detected Maximun pore diameter (µm) | Q24: =F2829V!$B$10 -> 58.915243 | R24: =F2830H!$B$10 -> 165.59096 | S24: =F2852H!$B$10 -> 245.32498 | T24: =F2854H!$B$10 -> 659.9636 | U24: =F2859H!$B$10 -> 469.86213 | V24: =F2880H!$B$10 -> 597.51213 | W24: =F2910H!$B$10 -> 1948.5711 | X24: =F2911V!$B$10 -> 947.47975 | Y24: =F2829V!$B$10 -> 58.915243 | Z24: =MAX(Q24:Y24) -> 1948.5711
P25: Detected Maximun pore diameter (mm) | Q25: =Q24*0.001 -> 0.058915243 | R25: =R24*0.001 -> 0.16559096 | S25: =S24*0.001 -> 0.24532498 | T25: =T24*0.001 -> 0.6599636 | U25: =U24*0.001 -> 0.46986213 | V25: =V24*0.001 -> 0.59751213 | W25: =W24*0.001 -> 1.9485711 | X25: =X24*0.001 -> 0.94747975 | Y25: =Y24*0.001 -> 0.058915243 | Z25: =MAX(Q25:Y25) -> 1.9485711

Sheet Mineral dual thresh
P1: Volume Corrected
C2: Multi Threshold (dual) - CT specimen Well 861 | P2: Multi Threshold (dual) - CT specimen Well 861
B3: GeoDict | C3: Phase | D3: F2829V | E3: F2830H | F3: F2852H | G3: F2854H | H3: F2859H | I3: F2880H | J3: F2910H | K3: F2911V | L3: F2935H | M3: F2870H(6mm) | O3: GeoDict | P3: Phase | Q3: F2829V | R3: F2830H | S3: F2852H | T3: F2854H | U3: F2859H | V3: F2880H | W3: F2910H | X3: F2911V | Y3: F2935H | Z3: F2870H(6mm)
B4: Original | C4: Pore (%) | D4: 0.01 | E4: 4.9 | F4: 2.4 | G4: 3.1 | H4: 3.93 | I4: 9.3 | J4: 9.37 | K4: 11.7 | L4: 14.11 | M4: 0.38 | O4: Corrected | P4: Pore (%) | Q4: =(D12/SUM(D12:D14))*100 -> 0.012732366 | R4: =(E12/SUM(E12:E14))*100 -> 6.3332041 | S4: =(F12/SUM(F12:F14))*100 -> 3.0557678 | T4: =(G12/SUM(G12:G14))*100 -> 3.9470334 | U4: =(H12/SUM(H12:H14))*100 -> 5.0038197 | V4: =(I12/SUM(I12:I14))*100 -> 11.8411 | W4: =(J12/SUM(J12:J14))*100 -> 11.975971 | X4: =(K12/SUM(K12:K14))*100 -> 14.896868 | ... Z4: =(M12/SUM(M12:M14))*100 -> 0.4837683
C5: Solid 1 (%) | D5: 38.84 | E5: 68.36 | F5: 13.83 | G5: 73.66 | H5: 21.03 | I5: 23.32 | J5: 10.67 | K5: 63.57 | L5: 58.77 | M5: 74.89 | P5: Solid 1 (%) | Q5: =(D13/SUM(D12:D14))*100 -> 49.452508 | R5: =(E13/SUM(E12:E14))*100 -> 88.354659 | S5: =(F13/SUM(F12:F14))*100 -> 17.608862 | T5: =(G13/SUM(G12:G14))*100 -> 93.786606 | U5: =(H13/SUM(H12:H14))*100 -> 26.776165 | V5: =(I13/SUM(I12:I14))*100 -> 29.691877 | W5: =(J13/SUM(J12:J14))*100 -> 13.637526 | X5: =(K13/SUM(K12:K14))*100 -> 80.939649 | ... Z5: =(M13/SUM(M12:M14))*100 -> 95.340547
C6: Solid 2 (%) | D6: 39.69 | E6: 4.11 | F6: 62.31 | G6: 1.78 | H6: 53.58 | I6: 45.92 | J6: 58.2 | K6: 3.27 | L6: 5.66 | M6: 3.28 | P6: Solid 2 (%) | Q6: =(D14/SUM(D12:D14))*100 -> 50.534759 | R6: =(E14/SUM(E12:E14))*100 -> 5.3121365 | S6: =(F14/SUM(F12:F14))*100 -> 79.335371 | T6: =(G14/SUM(G12:G14))*100 -> 2.2663611 | U6: =(H14/SUM(H12:H14))*100 -> 68.220015 | V6: =(I14/SUM(I12:I14))*100 -> 58.467023 | W6: =(J14/SUM(J12:J14))*100 -> 74.386503 | X6: =(K14/SUM(K12:K14))*100 -> 4.1634836 | ... Z6: =(M14/SUM(M12:M14))*100 -> 4.1756843
C7: Undefined (%) | D7: =100-SUM(D4:D6) -> 21.46 | E7: =100-SUM(E4:E6) -> 22.63 | F7: =100-SUM(F4:F6) -> 21.46 | G7: =100-SUM(G4:G6) -> 21.46 | H7: =100-SUM(H4:H6) -> 21.46 | I7: =100-SUM(I4:I6) -> 21.46 | J7: =100-SUM(J4:J6) -> 21.76 | K7: =100-SUM(K4:K6) -> 21.46 | ... M7: =100-SUM(M4:M6) -> 21.45 | P7: Sum (%) | Q7: =SUM(Q4:Q6) -> 100 | R7: =SUM(R4:R6) -> 100 | S7: =SUM(S4:S6) -> 100 | T7: =SUM(T4:T6) -> 100 | U7: =SUM(U4:U6) -> 100 | V7: =SUM(V4:V6) -> 100 | W7: =SUM(W4:W6) -> 100 | X7: =SUM(X4:X6) -> 100 | ... Z7: =SUM(Z4:Z6) -> 100
C8: NX (mm) | D8: 2.21742 | E8: 2.20472 | F8: 2.18059 | G8: 2.32156 | H8: 2.26568 | I8: 2.2098 | J8: 1.87706 | K8: 2.24155 | L8: 2.21869 | M8: 4.73526
C9: NY (mm) | D9: 1.97358 | E9: 2.20472 | F9: 2.18059 | G9: 2.32156 | H9: 2.26568 | I9: 2.2098 | J9: 1.87706 | K9: 2.24155 | L9: 2.21869 | M9: 4.73526
C10: NZ (mm) | D10: 1.49098 | E10: 2.40792 | F10: 2.40157 | G10: 2.56286 | H10: 2.57556 | I10: 2.57556 | J10: 2.58445 | K10: 2.58445 | L10: 2.41554 | M10: 6.64668
C11: Domain Vol (mm³) | D11: =PRODUCT(D8:D10) -> 6.5249098 | E11: =PRODUCT(E8:E10) -> 11.704394 | F11: =PRODUCT(F8:F10) -> 11.4194 | G11: =PRODUCT(G8:G10) -> 13.812895 | H11: =PRODUCT(H8:H10) -> 13.221137 | I11: =PRODUCT(I8:I10) -> 12.577016 | J11: =PRODUCT(J8:J10) -> 9.1059329 | K11: =PRODUCT(K8:K10) -> 12.985689 | ... M11: =PRODUCT(M8:M10) -> 149.03643
C12: Pore (mm³) | D12: =D$11*(D4/100) -> 0.00065249098 | E12: =E$11*(E4/100) -> 0.57351531 | F12: =F$11*(F4/100) -> 0.2740656 | G12: =G$11*(G4/100) -> 0.42819974 | H12: =H$11*(H4/100) -> 0.51959069 | I12: =I$11*(I4/100) -> 1.1696625 | J12: =J$11*(J4/100) -> 0.85322591 | K12: =K$11*(K4/100) -> 1.5193256 | ... M12: =M$11*(M4/100) -> 0.56633842
C13: Solid 1 (mm³) | D13: =D$11*(D5/100) -> 2.534275 | E13: =E$11*(E5/100) -> 8.0011238 | F13: =F$11*(F5/100) -> 1.579303 | G13: =G$11*(G5/100) -> 10.174578 | H13: =H$11*(H5/100) -> 2.7804052 | I13: =I$11*(I5/100) -> 2.9329601 | J13: =J$11*(J5/100) -> 0.97160304 | K13: =K$11*(K5/100) -> 8.2550025 | ... M13: =M$11*(M5/100) -> 111.61338
C14: Solid 2 (mm³) | D14: =D$11*(D6/100) -> 2.5897367 | E14: =E$11*(E6/100) -> 0.4810506 | F14: =F$11*(F6/100) -> 7.1154281 | G14: =G$11*(G6/100) -> 0.24586953 | H14: =H$11*(H6/100) -> 7.0838853 | I14: =I$11*(I6/100) -> 5.7753657 | J14: =J$11*(J6/100) -> 5.2996529 | K14: =K$11*(K6/100) -> 0.42463203 | ... M14: =M$11*(M6/100) -> 4.8883948
C15: Undefined (mm³) | D15: =D$11*(D7/100) -> 1.4002456 | E15: =E$11*(E7/100) -> 2.6487044 | F15: =F$11*(F7/100) -> 2.4506032 | G15: =G$11*(G7/100) -> 2.9642472 | H15: =H$11*(H7/100) -> 2.8372561 | I15: =I$11*(I7/100) -> 2.6990276 | J15: =J$11*(J7/100) -> 1.981451 | K15: =K$11*(K7/100) -> 2.7867288 | ... M15: =M$11*(M7/100) -> 31.968314
C18: Mineralogy (%) and supposed gray scale | G18: Test 1 | I18: Test 2
D19: XRD and Rietveld Method | G19: Supposed occurrence | I19: Supposed occurrence
A20: Texture (ANP Petrobras) | B20: Texture (LENEP) | C20: Sample | D20: Calcite | E20: Dolomite | F20: Quartz | G20: Quartz (Solid 1) | H20: Calcite + Dolomite (Solid 2) | I20: Quartz + Calcite (Solid 1) | J20: Dolomite (Solid 2)
A21: Grainstone/Rudstone | B21: Packstone | C21: F2829V | D21: 78 | E21: 13 | F21: =100-(D21+E21) -> 9 | G21: =F21 -> 9 | H21: =100-G21 -> 91 | I21: =F21+D21 -> 87 | J21: =E21 -> 13
A22: Grainstone/Rudstone | B22: Packstone | C22: F2830H | D22: 24 | E22: 6 | F22: =100-(D22+E22) -> 70 | G22: =F22 -> 70 | H22: =100-G22 -> 30 | I22: =F22+D22 -> 94 | J22: =E22 -> 6
A23: Laminite/Grainstone | B23: Packstone | C23: F2852H | D23: 32 | E23: 43 | F23: =100-(D23+E23) -> 25 | G23: =F23 -> 25 | H23: =100-G23 -> 75 | I23: =F23+D23 -> 57 | J23: =E23 -> 43
A24: Shrubs | B24: Grainstone | C24: F2854H | D24: 69 | E24: 25 | F24: =100-(D24+E24) -> 6 | G24: =F24 -> 6 | H24: =100-G24 -> 94 | I24: =F24+D24 -> 75 | J24: =E24 -> 25
A25: Shrubs/Rudstone | B25: Spherulistone | C25: F2859H | D25: 62 | E25: 20 | F25: =100-(D25+E25) -> 18 | G25: =F25 -> 18 | H25: =100-G25 -> 82 | I25: =F25+D25 -> 80 | J25: =E25 -> 20
A26: Shrubs/Grainstone | B26: Shrubby spherulitestone | C26: F2880H | D26: 29 | E26: 54 | F26: =100-(D26+E26) -> 17 | G26: =F26 -> 17 | H26: =100-G26 -> 83 | I26: =F26+D26 -> 46 | J26: =E26 -> 54
A27: Spherulitestone/Grainstone | B27: spherulitestone | C27: F2910H | D27: 60 | E27: 33 | F27: =100-(D27+E27) -> 7 | G27: =F27 -> 7 | H27: =100-G27 -> 93 | I27: =F27+D27 -> 67 | J27: =E27 -> 33
A28: Spherulitestone/Grainstone | B28: spherulitestone | C28: F2911V | D28: 54 | E28: 34 | F28: =100-(D28+E28) -> 12 | G28: =F28 -> 12 | H28: =100-G28 -> 88 | I28: =F28+D28 -> 66 | J28: =E28 -> 34
A29: Shrubs/Grainstone | B29: Grainstone | C29: F2935H | D29: 51 | E29: 40 | F29: =100-(D29+E29) -> 9 | G29: =F29 -> 9 | H29: =100-G29 -> 91 | I29: =F29+D29 -> 60 | J29: =E29 -> 40
A30: Grainstone/Shrubs | B30: Spherulitic shrubstone | C30: F2870H(6mm) | D30: 72 | E30: 22 | F30: =100-(D30+E30) -> 6 | G30: =F30 -> 6 | H30: =100-G30 -> 94 | I30: =F30+D30 -> 78 | J30: =E30 -> 22
C31: Mineral density (g/cc): | D31: 2.71 | E31: 2.87 | F31: 2.65 | G31: =F31 -> 2.65 | H31: 2.71-2.87 | I31: 2.65-2.71 | J31: 2.87
C32: Legend:
D33: - Dry pore (air): 0.00119 g/cc.
C34: * 8 bit Gray level is supposed to be related to the phase density:
D35: - Quartz (Terrigenous)
D36: - Calcite + Dolomite (Carbonate)
C37: * Mineral and air densities from Mavko et al. (2009).

Sheet Plots
AI1: Diff. Lab and DIA
A2: 0.1 | P2: Mean (average) | R2: Micro CT - Well 861 | AF2: Volume Corrected | AI2: Corrected
A3: 0.2 | N3: Depth | O3: Sample | P3: Pore Aspect Ratio | R3: Porosity occurence (%) (Anselmetti et al., 1998): | AE3: UltraPore Porosity (%) | AF3: Image Porosity (%) | AI3: Porosity (%) | AK3: Porosity (%) | AM3: Porosity (%) | AO3: Porosity (%) | AQ3: Porosity (%) | AS3: Porosity (%) | AU3: Porosity (%) | AW3: Porosity (%)
A4: 0.3 | N4: 5206 | O4: =F2829V!$A$1 -> F2829V | P4: =F2829V!$B$48 -> 0.677752 | S4: =F2829V!$A$1 -> F2829V | T4: =F2830H!$A$1 -> F2830H | U4: =F2852H!$A$1 -> F2852H | V4: =F2854H!$A$1 -> F2854H | W4: =F2859H!$A$1 -> F2859H | X4: =F2880H!$A$1 -> F2880H | Y4: =F2910H!$A$1 -> F2910H | Z4: =F2911V!$A$1 -> F2911V | AA4: =F2935H!$A$1 -> F2935H | AB4: =F2870H!$A$1 -> F2870H(6mm) | AD4: Sample | AE4: Ambient | AF4: MicroCT | AG4: Macro-meso | AH4: Micro | AI4: Micro | AJ4: 5.5 MPa | AK4: Micro | AL4: 8.3 MPa | AM4: Micro | AN4: 11 MPa | AO4: Micro | AP4: 13.8 MPa | AQ4: Micro | AR4: 16.5 MPa | AS4: Micro | AT4: 19.3 MPa | AU4: Micro | AV4: 22.1 MPa | AW4: Micro
A5: 0.4 | N5: 5206.05 | O5: =F2830H!$A$1 -> F2830H | P5: =F2830H!$B$48 -> 0.55193587 | R5: < 5E2 (µm²) -> micropore | S5: =F2829V!$B$44 -> 0.0040378841 | T5: =F2830H!$B$44 -> 2.0128435 | U5: =F2852H!$B$44 -> 0.71129622 | V5: =F2854H!$B$44 -> 0.058768827 | W5: =F2859H!$B$44 -> 0.092906754 | X5: =F2880H!$B$44 -> 0.87282734 | Y5: =F2910H!$B$44 -> 0.59090499 | Z5: =F2911V!$B$44 -> 0.82408015 | AA5: =F2935H!$B$44 -> 0.9793008 | AB5: =F2870H!$B$44 -> 0.0019874236 | AD5: =F2829V!$A$1 -> F2829V | AE5: 6.7234 | AF5: =S9 -> 0.01 | AG5: =S9*F2829V!C20 -> 0.0035507795 | AH5: =S9*F2829V!C19 -> 0.0064492205 | AI5: Not measured.
A6: 0.5 | N6: 5211.4 | O6: =F2852H!$A$1 -> F2852H | P6: =F2852H!$B$48 -> 0.58180851 | R6: 5E2:5E3 (µm²) | S6: =F2829V!$B$45 -> 0.0022352471 | T6: =F2830H!$B$45 -> 2.653495 | U6: =F2852H!$B$45 -> 1.4905401 | V6: =F2854H!$B$45 -> 0.81398293 | W6: =F2859H!$B$45 -> 1.4059916 | X6: =F2880H!$B$45 -> 5.4803081 | Y6: =F2910H!$B$45 -> 3.2975978 | Z6: =F2911V!$B$45 -> 5.3036508 | AA6: =F2935H!$B$45 -> 5.6283702 | AB6: =F2870H!$B$45 -> 0.12448357 | AD6: =F2830H!$A$1 -> F2830H | AE6: 3.7824 | AF6: =T9 -> 4.9 | AG6: =T9*F2830H!C20 -> 2.8366109 | AH6: =T9*F2830H!C19 -> 2.0633891
A7: 0.6 | N7: 5212.05 | O7: =F2854H!$A$1 -> F2854H | P7: =F2854H!$B$48 -> 0.53778411 | R7: 5E3:5E4 (µm²) | S7: =F2829V!$B$46 -> 0 | T7: =F2830H!$B$46 -> 0.12672928 | U7: =F2852H!$B$46 -> 0.15298458 | V7: =F2854H!$B$46 -> 1.5248234 | W7: =F2859H!$B$46 -> 1.9686539 | X7: =F2880H!$B$46 -> 2.4738065 | Y7: =F2910H!$B$46 -> 3.6525065 | Z7: =F2911V!$B$46 -> 3.9823164 | AA7: =F2935H!$B$46 -> 5.8716376 | AB7: =F2935H!$B$46 -> 5.8716376 | AD7: =F2852H!$A$1 -> F2852H | AE7: 1.3284 | AF7: =U9 -> 2.4 | AG7: =U9*F2852H!C20 -> 1.6734696 | AH7: =U9*F2852H!C19 -> 0.72653035
A8: 0.7 | N8: 5212.9 | O8: =F2859H!$A$1 -> F2859H | P8: =F2859H!$B$48 -> 0.53727093 | R8: > 5E4 (µm²) | S8: =F2829V!$B$47 -> 0 | T8: =F2830H!$B$47 -> 0 | U8: =F2852H!$B$47 -> 0 | V8: =F2854H!$B$47 -> 0.53287975 | W8: =F2859H!$B$47 -> 0.33187219 | X8: =F2880H!$B$47 -> 0.30520454 | Y8: =F2910H!$B$47 -> 1.1498357 | Z8: =F2911V!$B$47 -> 1.2062165 | AA8: =F2935H!$B$47 -> 1.2216663 | AB8: =F2870H!$B$47 -> 0.025390158 | AD8: =F2854H!$A$1 -> F2854H | AE8: 8.0284 | AF8: =V9 -> 3.1 | AG8: =V9*F2854H!C20 -> 3.0377322 | AH8: =V9*F2854H!C19 -> 0.062267798
A9: 0.8 | N9: 5218.25 | O9: =F2880H!$A$1 -> F2880H | P9: =F2880H!$B$48 -> 0.56029398 | R9: TOMO Image Porosity (%) - volume corrected | S9: ='Mineral dual thresh'!D4 -> 0.01 | T9: ='Mineral dual thresh'!E4 -> 4.9 | U9: ='Mineral dual thresh'!F4 -> 2.4 | V9: ='Mineral dual thresh'!G4 -> 3.1 | W9: ='Mineral dual thresh'!H4 -> 3.93 | X9: ='Mineral dual thresh'!I4 -> 9.3 | Y9: ='Mineral dual thresh'!J4 -> 9.37 | Z9: ='Mineral dual thresh'!K4 -> 11.7 | ... AB9: ='Mineral dual thresh'!M4 -> 0.38 | AD9: =F2859H!$A$1 -> F2859H | AE9: 6.37 | AF9: =W9 -> 3.93 | AG9: =W9*F2859H!C20 -> 3.8337232 | AH9: =W9*F2859H!C19 -> 0.096276838
A10: 0.9 | N10: 5225.7 | O10: =F2910H!$A$1 -> F2910H | P10: =F2910H!$B$48 -> 0.56924221 | R10: Lab Porosity (ambient-Ultrapore) (%) | S10: 6.7234 | T10: 3.7824 | U10: 1.3284 | V10: 8.0284 | W10: 6.37 | X10: 13.7158 | Y10: 14.6312 | Z10: 23.7334 | AA10: 12.8634 | AB10: 4.461 | AD10: =F2880H!$A$1 -> F2880H | AE10: 13.7158 | AF10: =X9 -> 9.3 | AG10: =X9*F2880H!C20 -> 8.4087828 | AH10: =X9*F2880H!C19 -> 0.89121724
A11: 1 | N11: 5225.75 | O11: =F2911V!$A$1 -> F2911V | P11: =F2911V!$B$48 -> 0.54715049 | R11: Difference (%) | S11: =S10-S9 -> 6.7134 | T11: =T10-T9 -> -1.1176 | U11: =U10-U9 -> -1.0716 | V11: =V10-V9 -> 4.9284 | W11: =W10-W9 -> 2.44 | X11: =X10-X9 -> 4.4158 | Y11: =Y10-Y9 -> 5.2612 | Z11: =Z10-Z9 -> 12.0334 | ... AB11: =AB10-AB9 -> 4.081 | AD11: =F2910H!$A$1 -> F2910H | AE11: 14.6312 | AF11: =Y9 -> 9.37 | AG11: =Y9*F2910H!C20 -> 8.7306472 | AH11: =Y9*F2910H!C19 -> 0.63935279
N12: 5232.25 | O12: =F2935H!$A$1 -> F2935H | P12: =F2935H!$B$48 -> 0.55726415 | R12: Fraction Macro-meso (0-1) | S12: =S9/S10 -> 0.0014873427 | T12: =T9/T10 -> 1.2954738 | U12: =U9/U10 -> 1.8066847 | V12: =V9/V10 -> 0.38612924 | W12: =W9/W10 -> 0.61695447 | X12: =X9/X10 -> 0.67805013 | Y12: =Y9/Y10 -> 0.64041227 | Z12: =Z9/Z10 -> 0.49297614 | ... AB12: =AB9/AB10 -> 0.085182694 | AD12: =F2911V!$A$1 -> F2911V | AE12: 23.7334 | AF12: =Z9 -> 11.7 | AG12: =Z9*F2911V!C20 -> 10.845706 | AH12: =Z9*F2911V!C19 -> 0.85429399
N13: 5215.55 | O13: =F2870H!$A$1 -> F2870H(6mm) | P13: =F2870H!$B$48 -> 0.55125387 | R13: Fraction Micro (0-1) | S13: =S11/S10 -> 0.99851266 | T13: =T11/T10 -> -0.29547377 | U13: =U11/U10 -> -0.80668473 | V13: =V11/V10 -> 0.61387076 | W13: =W11/W10 -> 0.38304553 | X13: =X11/X10 -> 0.32194987 | Y13: =Y11/Y10 -> 0.35958773 | Z13: =Z11/Z10 -> 0.50702386 | ... AB13: =AB11/AB10 -> 0.91481731 | AD13: =F2935H!$A$1 -> F2935H | AE13: 12.8634 | AF13: =AA9 -> 14.11 | AG13: =AA9*F2935H!C20 -> 13.098935 | AH13: =AA9*F2935H!C19 -> 1.011065
R14: Detected Minimun pore area (µm²) | S14: =F2829V!$B$6 -> 28.617086 | T14: =F2830H!$B$6 -> 22.978662 | U14: =F2852H!$B$6 -> 25.822136 | V14: =F2854H!$B$6 -> 28.617086 | W14: =F2859H!$B$6 -> 25.822136 | X14: =F2880H!$B$6 -> 25.822136 | Y14: =F2910H!$B$6 -> 25.822136 | Z14: =F2911V!$B$6 -> 25.822136 | AA14: =F2935H!$B$6 -> 25.822136 | AB14: =F2935H!$B$6 -> 25.822136 | AD14: =F2870H!$A$1 -> F2870H(6mm) | AE14: =AB10 -> 4.461 | AF14: =AB9 -> 0.38 | AG14: =AB9*F2870H!C20 -> 0.37796158 | AH14: =AB9*F2870H!C19 -> 0.0020384229
R15: Detected Maximun pore area (µm²) | S15: =F2829V!$B$7 -> 2726.1217 | T15: =F2830H!$B$7 -> 21535.904 | U15: =F2852H!$B$7 -> 47268.675 | V15: =F2854H!$B$7 -> 342081.7 | W15: =F2859H!$B$7 -> 173392.68 | X15: =F2880H!$B$7 -> 280403.43 | Y15: =F2910H!$B$7 -> 2982101.3 | Z15: =F2911V!$B$7 -> 705065.97 | AA15: =F2935H!$B$7 -> 1052435 | AB15: =F2935H!$B$7 -> 1052435
R16: Detected Maximun pore area (mm²) | S16: =S15*0.000001 -> 0.0027261217 | T16: =T15*0.000001 -> 0.021535904 | U16: =U15*0.000001 -> 0.047268675 | V16: =V15*0.000001 -> 0.3420817 | W16: =W15*0.000001 -> 0.17339268 | X16: =X15*0.000001 -> 0.28040343 | Y16: =Y15*0.000001 -> 2.9821013 | Z16: =Z15*0.000001 -> 0.70506597 | ... AB16: =AB15*0.000001 -> 1.052435
R17: Detected Minimun pore diameter (µm) | S17: =F2829V!$B$9 -> 6.0362576 | T17: =F2830H!$B$9 -> 5.4090056 | U17: =F2852H!$B$9 -> 5.7339135 | V17: =F2854H!$B$9 -> 6.0362576 | W17: =F2859H!$B$9 -> 5.7339135 | X17: =F2829V!$B$9 -> 6.0362576 | Y17: =F2830H!$B$9 -> 5.4090056 | Z17: =F2852H!$B$9 -> 5.7339135 | AA17: =F2854H!$B$9 -> 6.0362576 | AB17: =F2854H!$B$9 -> 6.0362576
R18: Detected Maximun pore diameter (µm) | S18: =F2829V!$B$10 -> 58.915243 | T18: =F2830H!$B$10 -> 165.59096 | U18: =F2852H!$B$10 -> 245.32498 | V18: =F2854H!$B$10 -> 659.9636 | W18: =F2859H!$B$10 -> 469.86213 | X18: =F2829V!$B$10 -> 58.915243 | Y18: =F2830H!$B$10 -> 165.59096 | Z18: =F2852H!$B$10 -> 245.32498 | AA18: =F2854H!$B$10 -> 659.9636 | AB18: =F2854H!$B$10 -> 659.9636
R19: Detected Maximun pore diameter (mm) | S19: =S18*0.001 -> 0.058915243 | T19: =T18*0.001 -> 0.16559096 | U19: =U18*0.001 -> 0.24532498 | V19: =V18*0.001 -> 0.6599636 | W19: =W18*0.001 -> 0.46986213 | X19: =X18*0.001 -> 0.058915243 | Y19: =Y18*0.001 -> 0.16559096 | Z19: =Z18*0.001 -> 0.24532498 | ... AB19: =AB18*0.001 -> 0.6599636

Sheet F2829V
A1: F2829V
A2: LOCAL PORE PARAMETERS
A3: Pixel resolution (microns) | B3: 1.27
A4: Minimum pixel quantity for pore area | B4: 2
A5: Pore area resolution (microns^2) | B5: 6.4516
A6: Minor pore area (microns^2) | B6: 28.617086
A7: Maximum pore area (microns^2) | B7: 2726.1217
A8: Mean pore area (microns^2) | B8: 227.56565
A9: Minor pore diameter (microns) | B9: 6.0362576
A10: Maximum pore diameter (microns) | B10: 58.915243
A11: Mean pore diameter (microns) | B11: 15.77852
A12: Minor pore radius (microns) | B12: 3.0181288
A13: Maximum pore radius (microns) | B13: 29.457622
A14: Mean pore radius (microns) | B14: 7.88926
... A17: Mean pore perimeter (microns) | B17: 21.72924
A18: Porosity (%) | B18: 0.0062950883 | C18: Fraction:
A19: Microcroporosity (%) (Anselmetti et al., 1998) | B19: 0.0040598413 | C19: =B19/B18 -> 0.64492205
A20: Macro-mesoporosity (%) (Anselmetti et al., 1998) | B20: 0.0022352471 | C20: =B20/B18 -> 0.35507795
A21: Mean Pore area Microporosity (microns^2)(Anselmetti et al., 1998) | B21: 182.29479
A22: Mean Pore area Macro-mesoporosity (microns^2) (Anselmetti et al., 1998) | B22: 757.02488
A23: Mean Pore perimeter Microporosity (microns) (Anselmetti et al., 1998) | B23: 20.412238
A24: Mean Pore perimeter Macro-mesoporosity (microns) (Anselmetti et al., 1998) | B24: 37.132055
A25: Mean Pore radius Microporosity(microns) (Anselmetti et al., 1998) | B25: 7.2610445
A26: Mean Pore radius Macro-mesoporosity(microns) (Anselmetti et al., 1998) | B26: 15.236469
A27: Mean Gamma | B27: 0.44771114
A28: Mean Gamma Microporosity (Anselmetti et al., 1998) | B28: 0.45260748
A29: Mean Gamma Macro-mesoporosity (Anselmetti et al., 1998) | B29: 0.39044665
A30: Mean Fps (microns^-1) (equal to gamma^2) | B30: 0.20044527
A31: Mean Fps Microporosity (microns^-1) (Anselmetti et al., 1998) (microns^-1) | B31: 0.20485353
A32: Mean Fps Macro-mesoporosity (microns^-1) (Anselmetti et al., 1998) (microns^-1) | B32: 0.15244859
... A39: Permeability (Kozeny-Carman) (mD) | B39: 0.44401817
A40: Porosity area occurence (Anselmetti et al., 1998): | B40: %
A41: <0.5 | B41: 0
A42: 0.5:5 | B42: 0
A43: 5:5E1 | B43: 2.1957203e-05
A44: 5E1:5E2 | B44: 0.0040378841
A45: 5E2:5E3 | B45: 0.0022352471
A46: 5E3:5E4 | B46: 0
A47: >5E4 | B47: 0
A48: Mean Aspect Ratio | B48: 0.677752
A49: Median Aspect Ratio | B49: 0.71458852
A50: FREQ.(%)- OBLATE PORE ASPECT RATIO
A51: Aspect ratio: | B51: % | C51: Mean aspect ratio | D51: Mean Gamma | E51: Mean Fps (microns^-1) | F51: Minor pore area (microns^2) | G51: Maximum pore area (microns^2) | H51: Mean pore area (microns^2) | I51: Minor pore diameter (microns) | J51: Maximum pore diameter (microns) | K51: Mean pore diameter (microns) | L51: Minor pore radius (microns) | M51: Maximum pore radius (microns) | N51: Mean pore radius (microns) | O51: Minor pore perimeter (microns) | P51: Maximum pore perimeter (microns) | Q51: Mean pore perimeter (microns)
A52: 0-0.1 | B52: 0 | C52: 0 | D52: 0 | E52: 0 | F52: 0 | G52: 0 | H52: 0 | I52: 0 | J52: 0 | K52: 0 | L52: 0 | M52: 0 | N52: 0 | O52: 0 | P52: 0 | Q52: 0
A53: 0.1-0.2 | B53: 0.052164841 | C53: 0.16704331 | D53: 0.29604106 | E53: 0.087640311 | F53: 2014.0026 | G53: 2014.0026 | H53: 2014.0026 | I53: 29.733723 | J53: 29.733723 | K53: 29.733723 | L53: 25.319497 | M53: 25.319497 | N53: 25.319497 | O53: 47.096312 | P53: 47.096312 | Q53: 47.096312
A54: 0.2-0.3 | B54: 1.304121 | C54: 0.2660645 | D54: 0.32303419 | E54: 0.10480925 | F54: 150.2783 | G54: 2726.1217 | H54: 531.10227 | I54: 8.5429977 | J54: 28.661706 | K54: 13.789352 | L54: 6.9162901 | M54: 29.457622 | N54: 12.215625 | O54: 12.834791 | P54: 64.408213 | Q54: 24.952682
A55: 0.3-0.4 | B55: 5.0078247 | C55: 0.3582317 | D55: 0.36333653 | E55: 0.13263555 | F55: 69.329076 | G55: 1334.2275 | H55: 507.82862 | I55: 5.6388796 | J55: 23.009632 | K55: 12.84801 | L55: 4.6976729 | M55: 20.608198 | N55: 12.125705 | O55: 10.360572 | P55: 49.410463 | Q55: 27.625474
A56: 0.4-0.5 | B56: 9.7026604 | C56: 0.45087606 | D56: 0.39066394 | E56: 0.15306003 | F56: 61.140771 | G56: 2364.3602 | H56: 351.44725 | I56: 4.7823667 | J56: 25.753343 | K56: 10.376347 | L56: 4.411543 | M56: 27.433542 | N56: 9.9102464 | O56: 11.055241 | P56: 57.789616 | Q56: 24.183763
A57: 0.5-0.6 | B57: 12.571727 | C57: 0.55483119 | D57: 0.41787141 | E57: 0.17484401 | F57: 53.132365 | G57: 2624.7423 | H57: 298.09132 | I57: 4.3018362 | J57: 23.776214 | K57: 9.4315538 | L57: 4.1124879 | M57: 28.904696 | N57: 9.121161 | O57: 10.942524 | P57: 68.364741 | Q57: 23.856395
A58: 0.6-0.7 | B58: 18.257694 | C58: 0.65227572 | D58: 0.44495551 | E58: 0.19811344 | F58: 36.298759 | G58: 888.81682 | H58: 212.63807 | I58: 3.7203493 | J58: 16.239246 | K58: 8.0364699 | L58: 3.3991549 | M58: 16.820202 | N58: 7.8100624 | O58: 9.7401399 | P58: 45.999912 | Q58: 21.762582
A59: 0.7-0.8 | B59: 27.856025 | C59: 0.75398688 | D59: 0.46884507 | E59: 0.21992145 | F59: 33.503809 | G59: 720.20025 | H59: 167.03397 | I59: 3.4919362 | J59: 14.790524 | K59: 7.0802813 | L59: 3.2656689 | M59: 15.1409 | N59: 6.9276152 | O59: 9.7715222 | P59: 43.746569 | Q59: 20.335925
A60: 0.8-0.9 | B60: 23.369849 | C60: 0.8405535 | D60: 0.48579101 | E60: 0.23607034 | F60: 28.617086 | G60: 1257.6693 | H60: 148.43567 | I60: 3.261518 | J60: 18.619499 | K60: 6.6438568 | L60: 3.0181288 | M60: 20.008212 | N60: 6.5336711 | O60: 9.3192881 | P60: 52.87361 | Q60: 19.864741
A61: 0.9-1.0 | B61: 1.8779343 | C61: 0.91585988 | D61: 0.49743014 | E61: 0.24749025 | F61: 46.055634 | G61: 362.11796 | H61: 135.34464 | I61: 3.9427376 | J61: 10.616263 | K61: 6.4276632 | L61: 3.8288332 | M61: 10.736188 | N61: 6.3187513 | O61: 12.339653 | P61: 33.303929 | Q61: 19.686992
A62: GLOBAL PORE PARAMETERS
A63: Global-Minimum pixel quantity for pore area: | B63: 10
A64: Global-Pore area resolution (microns^2): | B64: 161.29
A65: Global-Perimeter over Area (mm^-1): | B65: 77.935206
A66: Global-DomSize (microns): | B66: 58.758065
A67: Global-Specific Pore Surface Area (mm^-1): | B67: 744.14991
A68: INPUT FILE(S) OF ANALYSIS:
A69: Results_PoreInfo_scale_in_voxel_F2829V.csv

Sheet F2830H
A1: F2830H
A2: LOCAL PORE PARAMETERS
A3: Pixel resolution (microns) | B3: 1.27
A4: Minimum pixel quantity for pore area | B4: 2
A5: Pore area resolution (microns^2) | B5: 6.4516
A6: Minor pore area (microns^2) | B6: 22.978662
A7: Maximum pore area (microns^2) | B7: 21535.904
A8: Mean pore area (microns^2) | B8: 273.52995
A9: Minor pore diameter (microns) | B9: 5.4090056
A10: Maximum pore diameter (microns) | B10: 165.59096
A11: Mean pore diameter (microns) | B11: 16.620004
A12: Minor pore radius (microns) | B12: 2.7045028
A13: Maximum pore radius (microns) | B13: 82.795478
A14: Mean pore radius (microns) | B14: 8.3100021
... A17: Mean pore perimeter (microns) | B17: 20.747605
A18: Porosity (%) | B18: 4.802597 | C18: Fraction:
A19: Microcroporosity (%) (Anselmetti et al., 1998) | B19: 2.0223727 | C19: =B19/B18 -> 0.42109981
A20: Macro-mesoporosity (%) (Anselmetti et al., 1998) | B20: 2.7802243 | C20: =B20/B18 -> 0.57890019
A21: Mean Pore area Microporosity (microns^2)(Anselmetti et al., 1998) | B21: 173.08715
A22: Mean Pore area Macro-mesoporosity (microns^2) (Anselmetti et al., 1998) | B22: 983.12221
A23: Mean Pore perimeter Microporosity (microns) (Anselmetti et al., 1998) | B23: 18.136158
A24: Mean Pore perimeter Macro-mesoporosity (microns) (Anselmetti et al., 1998) | B24: 39.19654
A25: Mean Pore radius Microporosity(microns) (Anselmetti et al., 1998) | B25: 7.0773689
A26: Mean Pore radius Macro-mesoporosity(microns) (Anselmetti et al., 1998) | B26: 17.018112
A27: Mean Gamma | B27: 0.4080966
A28: Mean Gamma Microporosity (Anselmetti et al., 1998) | B28: 0.41355265
A29: Mean Gamma Macro-mesoporosity (Anselmetti et al., 1998) | B29: 0.36955154
A30: Mean Fps (microns^-1) (equal to gamma^2) | B30: 0.16654283
A31: Mean Fps Microporosity (microns^-1) (Anselmetti et al., 1998) (microns^-1) | B31: 0.17102579
A32: Mean Fps Macro-mesoporosity (microns^-1) (Anselmetti et al., 1998) (microns^-1) | B32: 0.13656834
... A39: Permeability (Kozeny-Carman) (mD) | B39: 416.32125
A40: Porosity area occurence (Anselmetti et al., 1998): | B40: %
A41: <0.5 | B41: 0
A42: 0.5:5 | B42: 0
A43: 5:5E1 | B43: 0.0095291755
A44: 5E1:5E2 | B44: 2.0128435
A45: 5E2:5E3 | B45: 2.653495
A46: 5E3:5E4 | B46: 0.12672928
A47: >5E4 | B47: 0
A48: Mean Aspect Ratio | B48: 0.55193587
A49: Median Aspect Ratio | B49: 0.54801174
A50: FREQ.(%)- OBLATE PORE ASPECT RATIO
A51: Aspect ratio: | B51: % | C51: Mean aspect ratio | D51: Mean Gamma | E51: Mean Fps (microns^-1) | F51: Minor pore area (microns^2) | G51: Maximum pore area (microns^2) | H51: Mean pore area (microns^2) | I51: Minor pore diameter (microns) | J51: Maximum pore diameter (microns) | K51: Mean pore diameter (microns) | L51: Minor pore radius (microns) | M51: Maximum pore radius (microns) | N51: Mean pore radius (microns) | O51: Minor pore perimeter (microns) | P51: Maximum pore perimeter (microns) | Q51: Mean pore perimeter (microns)
A52: 0-0.1 | B52: 0.00021818229 | C52: 0.090578462 | D52: 0.19139929 | E52: 0.036704138 | F52: 283.2825 | G52: 598.18376 | H52: 434.57719 | I52: 16.61956 | J52: 23.556431 | K52: 19.671071 | L52: 9.4958739 | M52: 13.798834 | N52: 11.629431 | O52: 12.113769 | P52: 16.267513 | Q52: 13.916998
A53: 0.1-0.2 | B53: 0.091854746 | C53: 0.17712527 | D53: 0.2651549 | E53: 0.07123732 | F53: 83.645867 | G53: 4659.9025 | H53: 316.72287 | I53: 7.3951608 | J53: 35.945482 | K53: 11.708163 | L53: 5.1599716 | M53: 38.513544 | N53: 9.1702961 | O53: 8.5924011 | P53: 79.417445 | Q53: 15.66891
A54: 0.2-0.3 | B54: 1.6693855 | C54: 0.26778353 | D54: 0.3143061 | E54: 0.099501523 | F54: 56.957151 | G54: 13077.523 | H54: 378.39651 | I54: 5.3445137 | J54: 54.356852 | K54: 10.739606 | L54: 4.2579366 | M54: 64.519027 | N54: 9.7993269 | O54: 8.3056178 | P54: 117.65764 | Q54: 19.622257
A55: 0.3-0.4 | B55: 9.5768936 | C55: 0.36125668 | D55: 0.35079502 | E55: 0.12357054 | F55: 46.35034 | G55: 17452.572 | H55: 382.15699 | I55: 4.3152117 | J55: 53.524754 | K55: 10.268557 | L55: 3.8410638 | M55: 74.534061 | N55: 10.007722 | O55: 8.4603125 | P55: 142.17297 | Q55: 21.995365
A56: 0.4-0.5 | B56: 24.144707 | C56: 0.45449957 | D56: 0.38070617 | E56: 0.14538547 | F56: 34.288651 | G56: 21535.904 | H56: 339.94501 | I56: 3.9516115 | J56: 54.282978 | K56: 9.3733756 | L56: 3.3036974 | M56: 82.795478 | N56: 9.4354699 | O56: 8.0343555 | P56: 130.84945 | Q56: 22.308458
A57: 0.5-0.6 | B57: 29.472282 | C57: 0.5491738 | D57: 0.40873243 | E57: 0.16752164 | F57: 32.932008 | G57: 15684.52 | H57: 278.69002 | I57: 3.510942 | J57: 48.665079 | K57: 8.2659402 | L57: 3.2376818 | M57: 70.657893 | N57: 8.4438308 | O57: 8.5057295 | P57: 130.33371 | Q57: 21.314487
A58: 0.6-0.7 | B58: 22.010012 | C58: 0.64585861 | D58: 0.43619654 | E58: 0.19071817 | F58: 26.100345 | G58: 16843.575 | H58: 211.96232 | I58: 3.069633 | J58: 46.339849 | K58: 7.159478 | L58: 2.8823598 | M58: 73.222103 | N58: 7.3164303 | O58: 8.6754371 | P58: 134.46856 | Q58: 19.66883
A59: 0.7-0.8 | B59: 10.562932 | C59: 0.74116796 | D59: 0.46099063 | E59: 0.2128983 | F59: 25.773612 | G59: 13856.822 | H59: 156.73579 | I59: 3.0420811 | J59: 43.247743 | K59: 6.2243211 | L59: 2.8642618 | M59: 66.413578 | N59: 6.3078066 | O59: 8.8879542 | P59: 128.3703 | Q59: 17.944009
A60: 0.8-0.9 | B60: 2.3660415 | C60: 0.83231491 | D60: 0.48174473 | E60: 0.23237991 | F60: 22.978662 | G60: 7560.2836 | H60: 118.1438 | I60: 2.7823242 | J60: 37.310709 | K60: 5.5123859 | L60: 2.7045028 | M60: 49.056223 | N60: 5.5286516 | O60: 8.7632441 | P60: 112.62195 | Q60: 16.48059
A61: 0.9-1.0 | B61: 0.10567296 | C61: 0.92576354 | D61: 0.49955168 | E61: 0.24983805 | F61: 25.822136 | G61: 4285.1911 | H61: 97.677415 | I61: 3.014187 | J61: 29.149069 | K61: 5.0707559 | L61: 2.8669568 | M61: 36.932623 | N61: 5.0466914 | O61: 9.4693478 | P61: 89.624024 | Q61: 15.612246
A62: GLOBAL PORE PARAMETERS
A63: Global-Minimum pixel quantity for pore area: | B63: 10
A64: Global-Pore area resolution (microns^2): | B64: 161.29
A65: Global-Perimeter over Area (mm^-1): | B65: 59.180861
A66: Global-DomSize (microns): | B66: 63.067198
A67: Global-Specific Pore Surface Area (mm^-1): | B67: 841.77879
A68: INPUT FILE(S) OF ANALYSIS:
A69: Results_PoreInfo_scale_in_voxel_F2830H.csv

Sheet F2852H
A1: F2852H
A2: LOCAL PORE PARAMETERS
A3: Pixel resolution (microns) | B3: 1.27
A4: Minimum pixel quantity for pore area | B4: 2
A5: Pore area resolution (microns^2) | B5: 6.4516
A6: Minor pore area (microns^2) | B6: 25.822136
A7: Maximum pore area (microns^2) | B7: 47268.675
A8: Mean pore area (microns^2) | B8: 378.29286
A9: Minor pore diameter (microns) | B9: 5.7339135
A10: Maximum pore diameter (microns) | B10: 245.32498
A11: Mean pore diameter (microns) | B11: 19.527117
A12: Minor pore radius (microns) | B12: 2.8669568
A13: Maximum pore radius (microns) | B13: 122.66249
A14: Mean pore radius (microns) | B14: 9.7635584
... A17: Mean pore perimeter (microns) | B17: 25.004437
A18: Porosity (%) | B18: 2.3570546 | C18: Fraction:
A19: Microcroporosity (%) (Anselmetti et al., 1998) | B19: 0.71352988 | C19: =B19/B18 -> 0.30272098
A20: Macro-mesoporosity (%) (Anselmetti et al., 1998) | B20: 1.6435247 | C20: =B20/B18 -> 0.69727902
A21: Mean Pore area Microporosity (microns^2)(Anselmetti et al., 1998) | B21: 206.5264
A22: Mean Pore area Macro-mesoporosity (microns^2) (Anselmetti et al., 1998) | B22: 1006.0147
A23: Mean Pore perimeter Microporosity (microns) (Anselmetti et al., 1998) | B23: 20.62037
A24: Mean Pore perimeter Macro-mesoporosity (microns) (Anselmetti et al., 1998) | B24: 41.026044
A25: Mean Pore radius Microporosity(microns) (Anselmetti et al., 1998) | B25: 7.7432588
A26: Mean Pore radius Macro-mesoporosity(microns) (Anselmetti et al., 1998) | B26: 17.146758
A27: Mean Gamma | B27: 0.41953409
A28: Mean Gamma Microporosity (Anselmetti et al., 1998) | B28: 0.42926941
A29: Mean Gamma Macro-mesoporosity (Anselmetti et al., 1998) | B29: 0.38395627
A30: Mean Fps (microns^-1) (equal to gamma^2) | B30: 0.17600885
A31: Mean Fps Microporosity (microns^-1) (Anselmetti et al., 1998) (microns^-1) | B31: 0.18427222
A32: Mean Fps Macro-mesoporosity (microns^-1) (Anselmetti et al., 1998) (microns^-1) | B32: 0.14742242
... A39: Permeability (Kozeny-Carman) (mD) | B39: 251.13287
A40: Porosity area occurence (Anselmetti et al., 1998): | B40: %
A41: <0.5 | B41: 0
A42: 0.5:5 | B42: 0
A43: 5:5E1 | B43: 0.002233662
A44: 5E1:5E2 | B44: 0.71129622
A45: 5E2:5E3 | B45: 1.4905401
A46: 5E3:5E4 | B46: 0.15298458
A47: >5E4 | B47: 0
A48: Mean Aspect Ratio | B48: 0.58180851
A49: Median Aspect Ratio | B49: 0.57920045
A50: FREQ.(%)- OBLATE PORE ASPECT RATIO
A51: Aspect ratio: | B51: % | C51: Mean aspect ratio | D51: Mean Gamma | E51: Mean Fps (microns^-1) | F51: Minor pore area (microns^2) | G51: Maximum pore area (microns^2) | H51: Mean pore area (microns^2) | I51: Minor pore diameter (microns) | J51: Maximum pore diameter (microns) | K51: Mean pore diameter (microns) | L51: Minor pore radius (microns) | M51: Maximum pore radius (microns) | N51: Mean pore radius (microns) | O51: Minor pore perimeter (microns) | P51: Maximum pore perimeter (microns) | Q51: Mean pore perimeter (microns)
A52: 0-0.1 | B52: 0 | C52: 0 | D52: 0 | E52: 0 | F52: 0 | G52: 0 | H52: 0 | I52: 0 | J52: 0 | K52: 0 | L52: 0 | M52: 0 | N52: 0 | O52: 0 | P52: 0 | Q52: 0
A53: 0.1-0.2 | B53: 0.020150078 | C53: 0.18051304 | D53: 0.27600345 | E53: 0.076808268 | F53: 106.52748 | G53: 4614.5872 | H53: 500.3389 | I53: 8.318238 | J53: 36.424812 | K53: 13.187627 | L53: 5.8231221 | M53: 38.325823 | N53: 10.828124 | O53: 8.8155424 | P53: 81.059066 | Q53: 19.385503
A54: 0.2-0.3 | B54: 0.76462828 | C54: 0.27241593 | D54: 0.31972419 | E54: 0.10290348 | F54: 65.733828 | G54: 9806.9352 | H54: 728.34713 | I54: 6.0060694 | J54: 55.349702 | K54: 15.022099 | L54: 4.5742461 | M54: 55.871678 | N54: 13.597623 | O54: 8.4721076 | P54: 119.43552 | Q54: 27.677181
A55: 0.3-0.4 | B55: 7.605714 | C55: 0.36385012 | D55: 0.35333287 | E55: 0.1252966 | F55: 53.247171 | G55: 39186.316 | H55: 678.05744 | I55: 4.7530382 | J55: 86.012323 | K55: 14.237871 | L55: 4.1169286 | M55: 111.68434 | N55: 13.559961 | O55: 8.7284393 | P55: 246.49089 | Q55: 30.044973
A56: 0.4-0.5 | B56: 21.012501 | C56: 0.4543649 | D56: 0.38227536 | E56: 0.14650229 | F56: 39.158803 | G56: 28640.712 | H56: 548.22927 | I56: 4.0438293 | J56: 82.095857 | K56: 12.328049 | L56: 3.5305289 | M56: 95.481002 | N56: 12.088804 | O56: 8.7831244 | P56: 172.48207 | Q56: 28.814691
A57: 0.5-0.6 | B57: 26.051901 | C57: 0.55037658 | D57: 0.41219662 | E57: 0.17024081 | F57: 35.448749 | G57: 21850.224 | H57: 403.59375 | I57: 3.7517267 | J57: 60.656477 | K57: 10.308248 | L57: 3.35912 | M57: 83.397496 | N57: 10.266831 | O57: 8.9382267 | P57: 167.8506 | Q57: 26.290333
A58: 0.6-0.7 | B58: 24.026415 | C58: 0.64794709 | D58: 0.44074778 | E58: 0.19452636 | F58: 32.490469 | G58: 21604.554 | H58: 273.23189 | I58: 3.5210314 | J58: 60.054455 | K58: 8.4523157 | L58: 3.2159039 | M58: 82.927337 | N58: 8.4346633 | O58: 9.0049756 | P58: 174.38442 | Q58: 23.089746
A59: 0.7-0.8 | B59: 15.476872 | C59: 0.74408885 | D59: 0.46551751 | E59: 0.21689462 | F59: 31.412036 | G59: 47268.675 | H59: 183.97484 | I59: 3.3420508 | J59: 80.895177 | K59: 7.0388845 | L59: 3.1620818 | M59: 122.66249 | N59: 6.9933083 | O59: 9.2191466 | P59: 243.31484 | Q59: 20.261432
A60: 0.8-0.9 | B60: 4.7610604 | C60: 0.83422355 | D60: 0.48508075 | E60: 0.23542721 | F60: 28.617086 | G60: 6236.9318 | H60: 132.76165 | I60: 3.2281146 | J60: 35.500008 | K60: 6.1137264 | L60: 3.0181288 | M60: 44.556448 | N60: 6.0403498 | O60: 9.3192881 | P60: 108.83311 | Q60: 18.27763
A61: 0.9-1.0 | B61: 0.28075775 | C61: 0.92633102 | D61: 0.50263299 | E61: 0.25273834 | F61: 25.822136 | G61: 819.03068 | H61: 95.817066 | I61: 3.014187 | J61: 15.051764 | K61: 5.3463054 | L61: 2.8669568 | M61: 16.146379 | N61: 5.2470204 | O61: 9.4693478 | P61: 45.520206 | Q61: 16.47931
A62: GLOBAL PORE PARAMETERS
A63: Global-Minimum pixel quantity for pore area: | B63: 10
A64: Global-Pore area resolution (microns^2): | B64: 161.29
A65: Global-Perimeter over Area (mm^-1): | B65: 56.985551
A66: Global-DomSize (microns): | B66: 67.815093
A67: Global-Specific Pore Surface Area (mm^-1): | B67: 670.26298
A68: INPUT FILE(S) OF ANALYSIS:
A69: Results_PoreInfo_scale_in_voxel_F2852H.csv

Sheet F2854H
A1: F2854H
A2: LOCAL PORE PARAMETERS
A3: Pixel resolution (microns) | B3: 1.27
A4: Minimum pixel quantity for pore area | B4: 2
A5: Pore area resolution (microns^2) | B5: 6.4516
A6: Minor pore area (microns^2) | B6: 28.617086
A7: Maximum pore area (microns^2) | B7: 342081.7
A8: Mean pore area (microns^2) | B8: 1687.7357
A9: Minor pore diameter (microns) | B9: 6.0362576
A10: Maximum pore diameter (microns) | B10: 659.9636
A11: Mean pore diameter (microns) | B11: 35.091259
A12: Minor pore radius (microns) | B12: 3.0181288
A13: Maximum pore radius (microns) | B13: 329.9818
A14: Mean pore radius (microns) | B14: 17.54563
... A17: Mean pore perimeter (microns) | B17: 42.25683
A18: Porosity (%) | B18: 2.9305503 | C18: Fraction:
A19: Microcroporosity (%) (Anselmetti et al., 1998) | B19: 0.058864166 | C19: =B19/B18 -> 0.020086387
A20: Macro-mesoporosity (%) (Anselmetti et al., 1998) | B20: 2.8716861 | C20: =B20/B18 -> 0.97991361
A21: Mean Pore area Microporosity (microns^2)(Anselmetti et al., 1998) | B21: 230.45625
A22: Mean Pore area Macro-mesoporosity (microns^2) (Anselmetti et al., 1998) | B22: 2994.0911
A23: Mean Pore perimeter Microporosity (microns) (Anselmetti et al., 1998) | B23: 21.771192
A24: Mean Pore perimeter Macro-mesoporosity (microns) (Anselmetti et al., 1998) | B24: 60.620861
A25: Mean Pore radius Microporosity(microns) (Anselmetti et al., 1998) | B25: 8.2100146
A26: Mean Pore radius Macro-mesoporosity(microns) (Anselmetti et al., 1998) | B26: 25.914396
A27: Mean Gamma | B27: 0.40342699
A28: Mean Gamma Microporosity (Anselmetti et al., 1998) | B28: 0.42562431
A29: Mean Gamma Macro-mesoporosity (Anselmetti et al., 1998) | B29: 0.38352855
A30: Mean Fps (microns^-1) (equal to gamma^2) | B30: 0.16275334
A31: Mean Fps Microporosity (microns^-1) (Anselmetti et al., 1998) (microns^-1) | B31: 0.18115605
A32: Mean Fps Macro-mesoporosity (microns^-1) (Anselmetti et al., 1998) (microns^-1) | B32: 0.14709415
... A39: Permeability (Kozeny-Carman) (mD) | B39: 660.21931
A40: Porosity area occurence (Anselmetti et al., 1998): | B40: %
A41: <0.5 | B41: 0
A42: 0.5:5 | B42: 0
A43: 5:5E1 | B43: 9.5338844e-05
A44: 5E1:5E2 | B44: 0.058768827
A45: 5E2:5E3 | B45: 0.81398293
A46: 5E3:5E4 | B46: 1.5248234
A47: >5E4 | B47: 0.53287975
A48: Mean Aspect Ratio | B48: 0.53778411
A49: Median Aspect Ratio | B49: 0.5327098
A50: FREQ.(%)- OBLATE PORE ASPECT RATIO
A51: Aspect ratio: | B51: % | C51: Mean aspect ratio | D51: Mean Gamma | E51: Mean Fps (microns^-1) | F51: Minor pore area (microns^2) | G51: Maximum pore area (microns^2) | H51: Mean pore area (microns^2) | I51: Minor pore diameter (microns) | J51: Maximum pore diameter (microns) | K51: Mean pore diameter (microns) | L51: Minor pore radius (microns) | M51: Maximum pore radius (microns) | N51: Mean pore radius (microns) | O51: Minor pore perimeter (microns) | P51: Maximum pore perimeter (microns) | Q51: Mean pore perimeter (microns)
A52: 0-0.1 | B52: 0.054742803 | C52: 0.075371792 | D52: 0.25235813 | E52: 0.067135637 | F52: 238.54955 | G52: 4682.2999 | H52: 1039.8204 | I52: 13.14391 | J52: 43.044709 | K52: 19.946972 | L52: 8.713936 | M52: 38.605988 | N52: 16.766839 | O52: 9.7299553 | P52: 64.865524 | Q52: 28.084707
A53: 0.1-0.2 | B53: 0.19443134 | C53: 0.16153609 | D53: 0.29844339 | E53: 0.091519793 | F53: 97.670329 | G53: 15484.255 | H53: 1002.8704 | I53: 7.3582 | J53: 72.567171 | K53: 15.144272 | L53: 5.5757898 | M53: 70.205351 | N53: 14.492896 | O53: 9.4808789 | P53: 152.48922 | Q53: 27.996421
A54: 0.2-0.3 | B54: 1.8839075 | C54: 0.26872122 | D54: 0.32794628 | E54: 0.10847152 | F54: 87.355921 | G54: 54315.507 | H54: 2630.5368 | I54: 5.87504 | J54: 107.29629 | K54: 24.257926 | L54: 5.2731635 | M54: 131.48826 | N54: 23.73974 | O54: 9.0984308 | P54: 268.15357 | Q54: 48.762212
A55: 0.3-0.4 | B55: 12.398301 | C55: 0.36035312 | D55: 0.35359337 | E55: 0.12564414 | F55: 65.978896 | G55: 104617.6 | H55: 2141.2819 | I55: 5.0675971 | J55: 147.32968 | K55: 21.806118 | L55: 4.582765 | M55: 182.48512 | N55: 21.831116 | O55: 9.5878341 | P55: 343.88965 | Q55: 47.706431
A56: 0.4-0.5 | B56: 26.144408 | C56: 0.45309188 | D56: 0.37947249 | E56: 0.14462813 | F56: 46.235534 | G56: 201313.03 | H56: 2119.6067 | I56: 4.2303116 | J56: 175.7365 | K56: 19.74201 | L56: 3.8363039 | M56: 253.14013 | N56: 20.539527 | O56: 9.4994411 | P56: 435.56912 | Q56: 47.463219
A57: 0.5-0.6 | B57: 27.673431 | C57: 0.54883811 | D57: 0.40750837 | E57: 0.16668446 | F57: 38.733835 | G57: 130751.71 | H57: 1634.1693 | I57: 3.8802552 | J57: 146.95129 | K57: 16.479457 | L57: 3.5113192 | M57: 204.00873 | N57: 17.374927 | O57: 8.8939399 | P57: 393.80218 | Q57: 42.818729
A58: 0.6-0.7 | B58: 20.151015 | C58: 0.64565906 | D58: 0.43464434 | E58: 0.18953608 | F58: 34.27208 | G58: 342081.7 | H58: 1301.8203 | I58: 3.5274141 | J58: 215.00768 | K58: 13.518661 | L58: 3.302899 | M58: 329.9818 | N58: 14.320061 | O58: 9.2750815 | P58: 578.8933 | Q58: 37.316004
A59: 0.7-0.8 | B59: 9.3704578 | C59: 0.74104701 | D59: 0.45812937 | E59: 0.21038698 | F59: 31.412036 | G59: 299802.29 | H59: 941.96728 | I59: 3.3420508 | J59: 194.12323 | K59: 11.082139 | L59: 3.1620818 | M59: 308.91752 | N59: 11.64101 | O59: 9.2191466 | P59: 527.23854 | Q59: 32.032543
A60: 0.8-0.9 | B60: 2.0405852 | C60: 0.83219628 | D60: 0.47820604 | E60: 0.22913121 | F60: 28.617086 | G60: 43740.032 | H60: 617.15694 | I60: 3.2281146 | J60: 84.564239 | K60: 9.0062607 | L60: 3.0181288 | M60: 117.99527 | N60: 9.3689116 | O60: 9.3192881 | P60: 250.78587 | Q60: 26.905849
A61: 0.9-1.0 | B61: 0.088721095 | C61: 0.92435908 | D61: 0.49160068 | E61: 0.24224033 | F61: 35.628723 | G61: 12292.094 | H61: 673.43714 | I61: 3.527736 | J61: 52.163865 | K61: 9.1962489 | L61: 3.3676364 | M61: 62.551538 | N61: 9.6251691 | O61: 10.86743 | P61: 157.73114 | Q61: 28.20562
A62: GLOBAL PORE PARAMETERS
A63: Global-Minimum pixel quantity for pore area: | B63: 10
A64: Global-Pore area resolution (microns^2): | B64: 161.29
A65: Global-Perimeter over Area (mm^-1): | B65: 23.660568
A66: Global-DomSize (microns): | B66: 97.233227
A67: Global-Specific Pore Surface Area (mm^-1): | B67: 301.98715
A68: INPUT FILE(S) OF ANALYSIS:
A69: Results_PoreInfo_scale_in_voxel_F2854H.csv

Sheet F2859H
A1: F2859H
A2: LOCAL PORE PARAMETERS
A3: Pixel resolution (microns) | B3: 1.27
A4: Minimum pixel quantity for pore area | B4: 2
A5: Pore area resolution (microns^2) | B5: 6.4516
A6: Minor pore area (microns^2) | B6: 25.822136
A7: Maximum pore area (microns^2) | B7: 173392.68
A8: Mean pore area (microns^2) | B8: 1547.3827
A9: Minor pore diameter (microns) | B9: 5.7339135
A10: Maximum pore diameter (microns) | B10: 469.86213
A11: Mean pore diameter (microns) | B11: 35.009158
A12: Minor pore radius (microns) | B12: 2.8669568
A13: Maximum pore radius (microns) | B13: 234.93106
A14: Mean pore radius (microns) | B14: 17.504579
... A17: Mean pore perimeter (microns) | B17: 42.153549
A18: Porosity (%) | B18: 3.7995999 | C18: Fraction:
A19: Microcroporosity (%) (Anselmetti et al., 1998) | B19: 0.093082308 | C19: =B19/B18 -> 0.024497923
A20: Macro-mesoporosity (%) (Anselmetti et al., 1998) | B20: 3.7065176 | C20: =B20/B18 -> 0.97550208
A21: Mean Pore area Microporosity (microns^2)(Anselmetti et al., 1998) | B21: 231.8911
A22: Mean Pore area Macro-mesoporosity (microns^2) (Anselmetti et al., 1998) | B22: 2634.6243
A23: Mean Pore perimeter Microporosity (microns) (Anselmetti et al., 1998) | B23: 21.84378
A24: Mean Pore perimeter Macro-mesoporosity (microns) (Anselmetti et al., 1998) | B24: 58.939385
A25: Mean Pore radius Microporosity(microns) (Anselmetti et al., 1998) | B25: 8.2328083
A26: Mean Pore radius Macro-mesoporosity(microns) (Anselmetti et al., 1998) | B26: 25.167611
A27: Mean Gamma | B27: 0.40196309
A28: Mean Gamma Microporosity (Anselmetti et al., 1998) | B28: 0.42622599
A29: Mean Gamma Macro-mesoporosity (Anselmetti et al., 1998) | B29: 0.38191004
A30: Mean Fps (microns^-1) (equal to gamma^2) | B30: 0.16157433
A31: Mean Fps Microporosity (microns^-1) (Anselmetti et al., 1998) (microns^-1) | B31: 0.18166859
A32: Mean Fps Macro-mesoporosity (microns^-1) (Anselmetti et al., 1998) (microns^-1) | B32: 0.14585528
... A39: Permeability (Kozeny-Carman) (mD) | B39: 892.48531
A40: Porosity area occurence (Anselmetti et al., 1998): | B40: %
A41: <0.5 | B41: 0
A42: 0.5:5 | B42: 0
A43: 5:5E1 | B43: 0.00017555394
A44: 5E1:5E2 | B44: 0.092906754
A45: 5E2:5E3 | B45: 1.4059916
A46: 5E3:5E4 | B46: 1.9686539
A47: >5E4 | B47: 0.33187219
A48: Mean Aspect Ratio | B48: 0.53727093
A49: Median Aspect Ratio | B49: 0.53064443
A50: FREQ.(%)- OBLATE PORE ASPECT RATIO
A51: Aspect ratio: | B51: % | C51: Mean aspect ratio | D51: Mean Gamma | E51: Mean Fps (microns^-1) | F51: Minor pore area (microns^2) | G51: Maximum pore area (microns^2) | H51: Mean pore area (microns^2) | I51: Minor pore diameter (microns) | J51: Maximum pore diameter (microns) | K51: Mean pore diameter (microns) | L51: Minor pore radius (microns) | M51: Maximum pore radius (microns) | N51: Mean pore radius (microns) | O51: Minor pore perimeter (microns) | P51: Maximum pore perimeter (microns) | Q51: Mean pore perimeter (microns)
A52: 0-0.1 | B52: 0.0024208972 | C52: 0.08559181 | D52: 0.22930437 | E52: 0.052741705 | F52: 249.76673 | G52: 479.89056 | H52: 364.82864 | I52: 12.295563 | J52: 17.848992 | K52: 15.072277 | L52: 8.9164577 | M52: 12.359365 | N52: 10.637911 | O52: 13.557822 | P52: 16.820907 | Q52: 15.189364
A53: 0.1-0.2 | B53: 0.071416467 | C53: 0.17677673 | D53: 0.29419454 | E53: 0.087616222 | F53: 133.82003 | G53: 8886.8474 | H53: 1033.1122 | I53: 7.3735496 | J53: 53.073412 | K53: 16.691116 | L53: 6.5265793 | M53: 53.186196 | N53: 15.012003 | O53: 10.291142 | P53: 115.56985 | Q53: 28.590817
A54: 0.2-0.3 | B54: 1.8628804 | C54: 0.27121639 | D54: 0.33208815 | E54: 0.11108039 | F54: 78.530721 | G54: 29779.903 | H54: 2046.3893 | I54: 6.179609 | J54: 80.773321 | K54: 23.345873 | L54: 4.9997105 | M54: 97.361377 | N54: 22.667736 | O54: 9.6291547 | P54: 199.65855 | Q54: 47.338228
A55: 0.3-0.4 | B55: 12.778706 | C55: 0.36061219 | D55: 0.35399427 | E55: 0.12589917 | F55: 62.088942 | G55: 93235.632 | H55: 1935.2555 | I55: 4.9894729 | J55: 132.9657 | K55: 21.6467 | L55: 4.4456185 | M55: 172.27253 | N55: 21.666035 | O55: 9.666661 | P55: 318.53123 | Q55: 47.60602
A56: 0.4-0.5 | B56: 26.249788 | C56: 0.45259409 | D56: 0.3785826 | E56: 0.14388976 | F56: 43.130422 | G56: 97650.823 | H56: 1807.6269 | I56: 4.0097165 | J56: 128.32354 | K56: 19.295814 | L56: 3.7052449 | M56: 176.30435 | N56: 19.958312 | O56: 9.1303729 | P56: 299.99624 | Q56: 46.329026
A57: 0.5-0.6 | B57: 27.898419 | C57: 0.54870841 | D57: 0.40485871 | E57: 0.16454809 | F57: 35.448749 | G57: 173392.68 | H57: 1680.6278 | I57: 3.7822433 | J57: 153.06775 | K57: 16.929548 | L57: 3.35912 | M57: 234.93106 | N57: 17.952611 | O57: 8.8519506 | P57: 412.0728 | Q57: 43.929986
A58: 0.6-0.7 | B58: 19.732733 | C58: 0.64577089 | D58: 0.43229573 | E58: 0.18749348 | F58: 34.615383 | G58: 107713.61 | H58: 1182.36 | I58: 3.5006175 | J58: 134.71168 | K58: 13.54862 | L58: 3.3194004 | M58: 185.16562 | N58: 14.354259 | O58: 9.527986 | P58: 352.11136 | Q58: 37.310306
A59: 0.7-0.8 | B59: 9.1897257 | C59: 0.74158268 | D59: 0.45759583 | E59: 0.2099348 | F59: 31.412036 | G59: 90496.287 | H59: 812.7005 | I59: 3.2798096 | J59: 116.1618 | K59: 10.728037 | L59: 3.1620818 | M59: 169.7229 | N59: 11.276481 | O59: 9.2191466 | P59: 349.54199 | Q59: 30.967702
A60: 0.8-0.9 | B60: 2.1061806 | C60: 0.83321668 | D60: 0.47974987 | E60: 0.23055071 | F60: 28.617086 | G60: 48088.366 | H60: 455.3099 | I60: 3.2281146 | J60: 89.470695 | K60: 8.2901583 | L60: 3.0181288 | M60: 123.72147 | N60: 8.5266648 | O60: 9.3192881 | P60: 258.58259 | Q60: 24.753713
A61: 0.9-1.0 | B61: 0.10772992 | C61: 0.92447134 | D61: 0.5002083 | E61: 0.25043716 | F61: 25.822136 | G61: 7932.2374 | H61: 241.63329 | I61: 3.014187 | J61: 43.81447 | K61: 6.3095642 | L61: 2.8669568 | M61: 50.248478 | N61: 6.3373869 | O61: 9.4693478 | P61: 131.36664 | Q61: 19.386133
A62: GLOBAL PORE PARAMETERS
A63: Global-Minimum pixel quantity for pore area: | B63: 10
A64: Global-Pore area resolution (microns^2): | B64: 161.29
A65: Global-Perimeter over Area (mm^-1): | B65: 25.858152
A66: Global-DomSize (microns): | B66: 99.573753
A67: Global-Specific Pore Surface Area (mm^-1): | B67: 348.49118
A68: INPUT FILE(S) OF ANALYSIS:
A69: Results_PoreInfo_scale_in_voxel_F2859H.csv

Sheet F2880H
A1: F2880H
A2: LOCAL PORE PARAMETERS
A3: Pixel resolution (microns) | B3: 1.27
A4: Minimum pixel quantity for pore area | B4: 2
A5: Pore area resolution (microns^2) | B5: 6.4516
A6: Minor pore area (microns^2) | B6: 25.822136
A7: Maximum pore area (microns^2) | B7: 280403.43
A8: Mean pore area (microns^2) | B8: 687.09267
A9: Minor pore diameter (microns) | B9: 5.7339135
A10: Maximum pore diameter (microns) | B10: 597.51213
A11: Mean pore diameter (microns) | B11: 24.658906
A12: Minor pore radius (microns) | B12: 2.8669568
A13: Maximum pore radius (microns) | B13: 298.75606
A14: Mean pore radius (microns) | B14: 12.329453
... A17: Mean pore perimeter (microns) | B17: 30.51615
A18: Porosity (%) | B18: 9.1346953 | C18: Fraction:
A19: Microcroporosity (%) (Anselmetti et al., 1998) | B19: 0.87537613 | C19: =B19/B18 -> 0.095829811
A20: Macro-mesoporosity (%) (Anselmetti et al., 1998) | B20: 8.2593192 | C20: =B20/B18 -> 0.90417019
A21: Mean Pore area Microporosity (microns^2)(Anselmetti et al., 1998) | B21: 210.49391
A22: Mean Pore area Macro-mesoporosity (microns^2) (Anselmetti et al., 1998) | B22: 1509.1799
A23: Mean Pore perimeter Microporosity (microns) (Anselmetti et al., 1998) | B23: 20.53128
A24: Mean Pore perimeter Macro-mesoporosity (microns) (Anselmetti et al., 1998) | B24: 47.739093
A25: Mean Pore radius Microporosity(microns) (Anselmetti et al., 1998) | B25: 7.8040432
A26: Mean Pore radius Macro-mesoporosity(microns) (Anselmetti et al., 1998) | B26: 20.135351
A27: Mean Gamma | B27: 0.40849057
A28: Mean Gamma Microporosity (Anselmetti et al., 1998) | B28: 0.4233885
A29: Mean Gamma Macro-mesoporosity (Anselmetti et al., 1998) | B29: 0.38279306
A30: Mean Fps (microns^-1) (equal to gamma^2) | B30: 0.16686454
A31: Mean Fps Microporosity (microns^-1) (Anselmetti et al., 1998) (microns^-1) | B31: 0.17925782
A32: Mean Fps Macro-mesoporosity (microns^-1) (Anselmetti et al., 1998) (microns^-1) | B32: 0.14653053
... A39: Permeability (Kozeny-Carman) (mD) | B39: 1313.476
A40: Porosity area occurence (Anselmetti et al., 1998): | B40: %
A41: <0.5 | B41: 0
A42: 0.5:5 | B42: 0
A43: 5:5E1 | B43: 0.0025487898
A44: 5E1:5E2 | B44: 0.87282734
A45: 5E2:5E3 | B45: 5.4803081
A46: 5E3:5E4 | B46: 2.4738065
A47: >5E4 | B47: 0.30520454
A48: Mean Aspect Ratio | B48: 0.56029398
A49: Median Aspect Ratio | B49: 0.55529482
A50: FREQ.(%)- OBLATE PORE ASPECT RATIO
A51: Aspect ratio: | B51: % | C51: Mean aspect ratio | D51: Mean Gamma | E51: Mean Fps (microns^-1) | F51: Minor pore area (microns^2) | G51: Maximum pore area (microns^2) | H51: Mean pore area (microns^2) | I51: Minor pore diameter (microns) | J51: Maximum pore diameter (microns) | K51: Mean pore diameter (microns) | L51: Minor pore radius (microns) | M51: Maximum pore radius (microns) | N51: Mean pore radius (microns) | O51: Minor pore perimeter (microns) | P51: Maximum pore perimeter (microns) | Q51: Mean pore perimeter (microns)
A52: 0-0.1 | B52: 0.00016113023 | C52: 0.095653236 | D52: 0.33406714 | E52: 0.11160085 | F52: 1492.2962 | G52: 1492.2962 | H52: 1492.2962 | I52: 19.484188 | J52: 19.484188 | K52: 19.484188 | L52: 21.794784 | M52: 21.794784 | N52: 21.794784 | O52: 45.747377 | P52: 45.747377 | Q52: 45.747377
A53: 0.1-0.2 | B53: 0.032387177 | C53: 0.1763018 | D53: 0.29065261 | E53: 0.085873153 | F53: 72.238758 | G53: 47526.198 | H53: 1530.2181 | I53: 7.0956929 | J53: 107.11339 | K53: 18.045671 | L53: 4.7952383 | M53: 122.99617 | N53: 16.851827 | O53: 8.0570164 | P53: 231.88602 | Q53: 32.04289
A54: 0.2-0.3 | B54: 0.85672944 | C54: 0.27160501 | D54: 0.32179073 | E54: 0.10431129 | F54: 62.775548 | G54: 30848.844 | H54: 1197.9591 | I54: 5.7527123 | J54: 95.578371 | K54: 17.534514 | L54: 4.4701317 | M54: 99.09335 | N54: 16.551254 | O54: 8.4962361 | P54: 197.94448 | Q54: 33.695402
A55: 0.3-0.4 | B55: 8.133693 | C55: 0.36420287 | D55: 0.35097585 | E55: 0.12369401 | F55: 41.430476 | G55: 79951.152 | H55: 1057.1891 | I55: 4.4167915 | J55: 125.56599 | K55: 16.398111 | L55: 3.6314914 | M55: 159.52819 | N55: 16.093023 | O55: 8.1898258 | P55: 274.44133 | Q55: 35.175177
A56: 0.4-0.5 | B56: 24.054004 | C56: 0.45508303 | D56: 0.3784035 | E56: 0.14364579 | F56: 43.032186 | G56: 193048.26 | H56: 874.09636 | I56: 4.065469 | J56: 179.18827 | K56: 14.332932 | L56: 3.7010229 | M56: 247.88943 | N56: 14.513219 | O56: 8.701817 | P56: 455.31443 | Q56: 33.969643
A57: 0.5-0.6 | B57: 30.088976 | C57: 0.54943333 | D57: 0.40620972 | E57: 0.16548303 | F57: 35.285419 | G57: 171608.6 | H57: 708.7033 | I57: 3.7240212 | J57: 152.31984 | K57: 12.291721 | L57: 3.3513725 | M57: 233.71931 | N57: 12.687918 | O57: 8.9978348 | P57: 421.62599 | Q57: 31.656581
A58: 0.6-0.7 | B58: 23.061281 | C58: 0.64591919 | D58: 0.43389941 | E58: 0.18873712 | F58: 31.902098 | G58: 218509.84 | H58: 523.65263 | I58: 3.4947683 | J58: 163.92481 | K58: 10.165003 | L58: 3.1866523 | M58: 263.73063 | N58: 10.52065 | O58: 9.0049756 | P58: 499.20449 | Q58: 27.909592
A59: 0.7-0.8 | B59: 11.197745 | C59: 0.74133072 | D59: 0.45912552 | E59: 0.21119197 | F59: 28.225259 | G59: 280403.43 | H59: 355.87952 | I59: 3.0816666 | J59: 188.93485 | K59: 8.3119422 | L59: 2.9973954 | M59: 298.75606 | N59: 8.5317476 | O59: 9.1018512 | P59: 561.7648 | Q59: 23.9701
A60: 0.8-0.9 | B60: 2.4714155 | C60: 0.83246274 | D60: 0.47966095 | E60: 0.23039986 | F60: 28.617086 | G60: 66488.141 | H60: 246.45951 | I60: 3.2281146 | J60: 112.9903 | K60: 7.0493774 | L60: 3.0181288 | M60: 145.47795 | N60: 7.1616858 | O60: 9.3192881 | P60: 338.97881 | Q60: 21.076821
A61: 0.9-1.0 | B61: 0.10360674 | C61: 0.92554925 | D61: 0.49929006 | E61: 0.24951071 | F61: 25.822136 | G61: 3516.8945 | H61: 138.61936 | I61: 3.014187 | J61: 29.98517 | K61: 5.7914331 | L61: 2.8669568 | M61: 33.458367 | N61: 5.765507 | O61: 9.4693478 | P61: 90.558179 | Q61: 17.819838
A62: GLOBAL PORE PARAMETERS
A63: Global-Minimum pixel quantity for pore area: | B63: 10
A64: Global-Pore area resolution (microns^2): | B64: 161.29
A65: Global-Perimeter over Area (mm^-1): | B65: 39.780712
A66: Global-DomSize (microns): | B66: 80.622476
A67: Global-Specific Pore Surface Area (mm^-1): | B67: 488.08354
A68: INPUT FILE(S) OF ANALYSIS:
A69: Results_PoreInfo_scale_in_voxel_F2880H.csv

Sheet F2910H
A1: F2910H
A2: LOCAL PORE PARAMETERS
A3: Pixel resolution (microns) | B3: 1.27
A4: Minimum pixel quantity for pore area | B4: 2
A5: Pore area resolution (microns^2) | B5: 6.4516
A6: Minor pore area (microns^2) | B6: 25.822136
A7: Maximum pore area (microns^2) | B7: 2982101.3
A8: Mean pore area (microns^2) | B8: 811.45992
A9: Minor pore diameter (microns) | B9: 5.7339135
A10: Maximum pore diameter (microns) | B10: 1948.5711
A11: Mean pore diameter (microns) | B11: 24.789151
A12: Minor pore radius (microns) | B12: 2.8669568
A13: Maximum pore radius (microns) | B13: 974.28554
A14: Mean pore radius (microns) | B14: 12.394575
... A17: Mean pore perimeter (microns) | B17: 30.141897
A18: Porosity (%) | B18: 8.6931056 | C18: Fraction:
A19: Microcroporosity (%) (Anselmetti et al., 1998) | B19: 0.59316557 | C19: =B19/B18 -> 0.068234023
A20: Macro-mesoporosity (%) (Anselmetti et al., 1998) | B20: 8.09994 | C20: =B20/B18 -> 0.93176598
A21: Mean Pore area Microporosity (microns^2)(Anselmetti et al., 1998) | B21: 198.44515
A22: Mean Pore area Macro-mesoporosity (microns^2) (Anselmetti et al., 1998) | B22: 2062.1909
A23: Mean Pore perimeter Microporosity (microns) (Anselmetti et al., 1998) | B23: 20.025878
A24: Mean Pore perimeter Macro-mesoporosity (microns) (Anselmetti et al., 1998) | B24: 50.781559
A25: Mean Pore radius Microporosity(microns) (Anselmetti et al., 1998) | B25: 7.56296
A26: Mean Pore radius Macro-mesoporosity(microns) (Anselmetti et al., 1998) | B26: 22.252496
A27: Mean Gamma | B27: 0.40890548
A28: Mean Gamma Microporosity (Anselmetti et al., 1998) | B28: 0.42672468
A29: Mean Gamma Macro-mesoporosity (Anselmetti et al., 1998) | B29: 0.37254907
A30: Mean Fps (microns^-1) (equal to gamma^2) | B30: 0.16720369
A31: Mean Fps Microporosity (microns^-1) (Anselmetti et al., 1998) (microns^-1) | B31: 0.18209395
A32: Mean Fps Macro-mesoporosity (microns^-1) (Anselmetti et al., 1998) (microns^-1) | B32: 0.13879281
... A39: Permeability (Kozeny-Carman) (mD) | B39: 1112.1689
A40: Porosity area occurence (Anselmetti et al., 1998): | B40: %
A41: <0.5 | B41: 0
A42: 0.5:5 | B42: 0
A43: 5:5E1 | B43: 0.0022605713
A44: 5E1:5E2 | B44: 0.59090499
A45: 5E2:5E3 | B45: 3.2975978
A46: 5E3:5E4 | B46: 3.6525065
A47: >5E4 | B47: 1.1498357
A48: Mean Aspect Ratio | B48: 0.56924221
A49: Median Aspect Ratio | B49: 0.56452943
A50: FREQ.(%)- OBLATE PORE ASPECT RATIO
A51: Aspect ratio: | B51: % | C51: Mean aspect ratio | D51: Mean Gamma | E51: Mean Fps (microns^-1) | F51: Minor pore area (microns^2) | G51: Maximum pore area (microns^2) | H51: Mean pore area (microns^2) | I51: Minor pore diameter (microns) | J51: Maximum pore diameter (microns) | K51: Mean pore diameter (microns) | L51: Minor pore radius (microns) | M51: Maximum pore radius (microns) | N51: Mean pore radius (microns) | O51: Minor pore perimeter (microns) | P51: Maximum pore perimeter (microns) | Q51: Mean pore perimeter (microns)
A52: 0-0.1 | B52: 0.00064338058 | C52: 0.099331862 | D52: 0.28955891 | E52: 0.083847098 | F52: 398.85521 | G52: 476.22256 | H52: 437.53888 | I52: 13.104335 | J52: 13.696853 | K52: 13.400594 | L52: 11.267633 | M52: 12.312041 | N52: 11.789837 | O52: 20.382751 | P52: 22.527832 | Q52: 21.455292
A53: 0.1-0.2 | B53: 0.034099171 | C53: 0.18082494 | D53: 0.28289814 | E53: 0.080991908 | F53: 112.62409 | G53: 17298.981 | H53: 880.74755 | I53: 7.5589176 | J53: 66.79261 | K53: 14.439116 | L53: 5.9874336 | M53: 74.205368 | N53: 12.897755 | O53: 9.9709249 | P53: 144.3974 | Q53: 23.647593
A54: 0.2-0.3 | B54: 0.94062241 | C54: 0.27097201 | D54: 0.32239912 | E54: 0.10483034 | F54: 65.668734 | G54: 21090.89 | H54: 1317.5475 | I54: 5.2125627 | J54: 69.598273 | K54: 17.41173 | L54: 4.5719807 | M54: 81.935578 | N54: 17.165374 | O54: 8.7656842 | P54: 173.38674 | Q54: 34.728094
A55: 0.3-0.4 | B55: 7.9402814 | C55: 0.36318719 | D55: 0.34831592 | E55: 0.12198669 | F55: 47.248873 | G55: 375722.31 | H55: 1226.3451 | I55: 4.6849846 | J55: 208.26678 | K55: 16.422045 | L55: 3.878116 | M55: 345.82673 | N55: 16.674279 | O55: 8.6534707 | P55: 532.90088 | Q55: 35.773168
A56: 0.4-0.5 | B56: 22.725489 | C56: 0.4546886 | D56: 0.3749377 | E56: 0.14121448 | F56: 39.158803 | G56: 2982101.3 | H56: 1104.4146 | I56: 3.8461911 | J56: 426.48917 | K56: 14.40996 | L56: 3.5305289 | M56: 974.28554 | N56: 15.010696 | O56: 8.7831244 | P56: 1211.673 | Q56: 34.31421
A57: 0.5-0.6 | B57: 28.187147 | C57: 0.54972193 | D57: 0.40311713 | E57: 0.1632105 | F57: 35.285419 | G57: 494162.35 | H57: 883.27308 | I57: 3.7008315 | J57: 215.85415 | K57: 12.417092 | L57: 3.3513725 | M57: 396.60656 | N57: 13.149497 | O57: 8.7755596 | P57: 621.38045 | Q57: 32.01237
A58: 0.6-0.7 | B58: 23.296489 | C58: 0.64691336 | D58: 0.432813 | E58: 0.18800891 | F58: 34.27208 | G58: 160218.11 | H58: 614.62778 | I58: 3.5210314 | J58: 158.71577 | K58: 10.008734 | L58: 3.302899 | M58: 225.8296 | N58: 10.547854 | O58: 9.1886881 | P58: 401.91841 | Q58: 27.4754
A59: 0.7-0.8 | B59: 13.254927 | C59: 0.74287535 | D59: 0.46007458 | E59: 0.21219488 | F59: 30.660335 | G59: 147977.45 | H59: 376.58384 | I59: 3.3121948 | J59: 146.00722 | K59: 7.9403582 | L59: 3.1240179 | M59: 217.03153 | N59: 8.2175143 | O59: 9.2191466 | P59: 386.9315 | Q59: 22.894359
A60: 0.8-0.9 | B60: 3.4436945 | C60: 0.83349286 | D60: 0.48168466 | E60: 0.23237653 | F60: 28.617086 | G60: 137432.1 | H60: 235.40673 | I60: 3.2281146 | J60: 133.29918 | K60: 6.5946327 | L60: 3.0181288 | M60: 209.15544 | N60: 6.6943229 | O60: 9.3192881 | P60: 396.02165 | Q60: 19.717662
A61: 0.9-1.0 | B61: 0.17660797 | C61: 0.92477983 | D61: 0.50006736 | E61: 0.25027724 | F61: 25.822136 | G61: 3798.1552 | H61: 127.96271 | I61: 3.014187 | J61: 27.657573 | K61: 5.6385421 | L61: 2.8669568 | M61: 34.770538 | N61: 5.6034212 | O61: 9.4693478 | P61: 85.452156 | Q61: 17.35423
A62: GLOBAL PORE PARAMETERS
A63: Global-Minimum pixel quantity for pore area: | B63: 10
A64: Global-Pore area resolution (microns^2): | B64: 161.29
A65: Global-Perimeter over Area (mm^-1): | B65: 32.288372
A66: Global-DomSize (microns): | B66: 78.464637
A67: Global-Specific Pore Surface Area (mm^-1): | B67: 424.57349
A68: INPUT FILE(S) OF ANALYSIS:
A69: Results_PoreInfo_scale_in_voxel_F2910H.csv

Sheet F2911V
A1: F2911V
A2: LOCAL PORE PARAMETERS
A3: Pixel resolution (microns) | B3: 1.27
A4: Minimum pixel quantity for pore area | B4: 2
A5: Pore area resolution (microns^2) | B5: 6.4516
A6: Minor pore area (microns^2) | B6: 25.822136
A7: Maximum pore area (microns^2) | B7: 705065.97
A8: Mean pore area (microns^2) | B8: 772.34153
A9: Minor pore diameter (microns) | B9: 5.7339135
A10: Maximum pore diameter (microns) | B10: 947.47975
A11: Mean pore diameter (microns) | B11: 25.007331
A12: Minor pore radius (microns) | B12: 2.8669568
A13: Maximum pore radius (microns) | B13: 473.73987
A14: Mean pore radius (microns) | B14: 12.503666
... A17: Mean pore perimeter (microns) | B17: 30.630387
A18: Porosity (%) | B18: 11.318632 | C18: Fraction:
A19: Microcroporosity (%) (Anselmetti et al., 1998) | B19: 0.82644777 | C19: =B19/B18 -> 0.073016581
A20: Macro-mesoporosity (%) (Anselmetti et al., 1998) | B20: 10.492184 | C20: =B20/B18 -> 0.92698342
A21: Mean Pore area Microporosity (microns^2)(Anselmetti et al., 1998) | B21: 205.53405
A22: Mean Pore area Macro-mesoporosity (microns^2) (Anselmetti et al., 1998) | B22: 1818.5043
A23: Mean Pore perimeter Microporosity (microns) (Anselmetti et al., 1998) | B23: 20.118323
A24: Mean Pore perimeter Macro-mesoporosity (microns) (Anselmetti et al., 1998) | B24: 50.032618
A25: Mean Pore radius Microporosity(microns) (Anselmetti et al., 1998) | B25: 7.7138876
A26: Mean Pore radius Macro-mesoporosity(microns) (Anselmetti et al., 1998) | B26: 21.344211
A27: Mean Gamma | B27: 0.40572047
A28: Mean Gamma Microporosity (Anselmetti et al., 1998) | B28: 0.41969281
A29: Mean Gamma Macro-mesoporosity (Anselmetti et al., 1998) | B29: 0.37993158
A30: Mean Fps (microns^-1) (equal to gamma^2) | B30: 0.1646091
A31: Mean Fps Microporosity (microns^-1) (Anselmetti et al., 1998) (microns^-1) | B31: 0.17614205
A32: Mean Fps Macro-mesoporosity (microns^-1) (Anselmetti et al., 1998) (microns^-1) | B32: 0.14434801
... A39: Permeability (Kozeny-Carman) (mD) | B39: 1602.5696
A40: Porosity area occurence (Anselmetti et al., 1998): | B40: %
A41: <0.5 | B41: 0
A42: 0.5:5 | B42: 0
A43: 5:5E1 | B43: 0.0023676221
A44: 5E1:5E2 | B44: 0.82408015
A45: 5E2:5E3 | B45: 5.3036508
A46: 5E3:5E4 | B46: 3.9823164
A47: >5E4 | B47: 1.2062165
A48: Mean Aspect Ratio | B48: 0.54715049
A49: Median Aspect Ratio | B49: 0.54257295
A50: FREQ.(%)- OBLATE PORE ASPECT RATIO
A51: Aspect ratio: | B51: % | C51: Mean aspect ratio | D51: Mean Gamma | E51: Mean Fps (microns^-1) | F51: Minor pore area (microns^2) | G51: Maximum pore area (microns^2) | H51: Mean pore area (microns^2) | I51: Minor pore diameter (microns) | J51: Maximum pore diameter (microns) | K51: Mean pore diameter (microns) | L51: Minor pore radius (microns) | M51: Maximum pore radius (microns) | N51: Mean pore radius (microns) | O51: Minor pore perimeter (microns) | P51: Maximum pore perimeter (microns) | Q51: Mean pore perimeter (microns)
A52: 0-0.1 | B52: 0 | C52: 0 | D52: 0 | E52: 0 | F52: 0 | G52: 0 | H52: 0 | I52: 0 | J52: 0 | K52: 0 | L52: 0 | M52: 0 | N52: 0 | O52: 0 | P52: 0 | Q52: 0
A53: 0.1-0.2 | B53: 0.055756675 | C53: 0.17786604 | D53: 0.28833015 | E53: 0.084478315 | F53: 84.054339 | G53: 19317.219 | H53: 1212.5838 | I53: 7.3278569 | J53: 71.831731 | K53: 16.604821 | L53: 5.1725552 | M53: 78.414679 | N53: 15.401791 | O53: 8.6700909 | P53: 164.6239 | Q53: 29.683993
A54: 0.2-0.3 | B54: 1.2612321 | C54: 0.26930378 | D54: 0.32620118 | E54: 0.10724744 | F54: 61.615376 | G54: 117770.16 | H54: 1155.505 | I54: 5.6397173 | J54: 138.05069 | K54: 16.458075 | L54: 4.4286322 | M54: 193.61665 | N54: 16.011532 | O54: 8.6098391 | P54: 311.20085 | Q54: 33.332987
A55: 0.3-0.4 | B55: 9.7223479 | C55: 0.36311104 | D55: 0.35316536 | E55: 0.12526132 | F55: 50.190582 | G55: 170231.03 | H55: 1000.1855 | I55: 4.738891 | J55: 162.54508 | K55: 15.517474 | L55: 3.9970187 | M55: 232.77934 | N55: 15.392381 | O55: 8.2758175 | P55: 418.56049 | Q55: 33.826753
A56: 0.4-0.5 | B56: 25.749887 | C56: 0.45420569 | D56: 0.37953814 | E56: 0.14455142 | F56: 40.237236 | G56: 705065.97 | H56: 928.91499 | I56: 4.1150045 | J56: 290.54028 | K56: 13.987805 | L56: 3.5788141 | M56: 473.73987 | N56: 14.287446 | O56: 8.5075364 | P56: 649.46329 | Q56: 33.351336
A57: 0.5-0.6 | B57: 30.174704 | C57: 0.54909382 | D57: 0.40712203 | E57: 0.16628608 | F57: 35.285419 | G57: 469319.22 | H57: 793.77429 | I57: 3.7189813 | J57: 263.06751 | K57: 12.162596 | L57: 3.3513725 | M57: 386.50867 | N57: 12.666734 | O57: 8.9978348 | P57: 620.38967 | Q57: 31.429282
A58: 0.6-0.7 | B58: 21.738154 | C58: 0.64526162 | D58: 0.43415367 | E58: 0.1890232 | F58: 32.490469 | G58: 247009.46 | H58: 613.33886 | I58: 3.4875443 | J58: 182.22454 | K58: 10.19893 | L58: 3.2159039 | M58: 280.40248 | N58: 10.66546 | O58: 9.0049756 | P58: 506.4796 | Q58: 28.067987
A59: 0.7-0.8 | B59: 9.3834443 | C59: 0.74005508 | D59: 0.45805574 | E59: 0.21029678 | F59: 31.412036 | G59: 99878.198 | H59: 440.54331 | I59: 3.2798096 | J59: 123.59676 | K59: 8.5492228 | L59: 3.1620818 | M59: 178.30372 | N59: 8.8799665 | O59: 9.2191466 | P59: 356.4541 | Q59: 24.657926
A60: 0.8-0.9 | B60: 1.8402935 | C60: 0.83190878 | D60: 0.47830365 | E60: 0.22919625 | F60: 28.617086 | G60: 177736.96 | H60: 345.33473 | I60: 3.2281146 | J60: 140.74843 | K60: 7.3494961 | L60: 3.0181288 | M60: 237.8559 | N60: 7.5752784 | O60: 9.3192881 | P60: 419.00004 | Q60: 21.976375
A61: 0.9-1.0 | B61: 0.074180619 | C61: 0.92581988 | D61: 0.49944954 | E61: 0.24973058 | F61: 25.822136 | G61: 2991.8873 | H61: 154.83288 | I61: 3.014187 | J61: 27.272361 | K61: 5.8594272 | L61: 2.8669568 | M61: 30.860125 | N61: 5.8720012 | O61: 9.4693478 | P61: 84.547709 | Q61: 18.058461
A62: GLOBAL PORE PARAMETERS
A63: Global-Minimum pixel quantity for pore area: | B63: 10
A64: Global-Pore area resolution (microns^2): | B64: 161.29
A65: Global-Perimeter over Area (mm^-1): | B65: 35.154818
A66: Global-DomSize (microns): | B66: 79.754451
A67: Global-Specific Pore Surface Area (mm^-1): | B67: 427.84056
A68: INPUT FILE(S) OF ANALYSIS:
A69: Results_PoreInfo_scale_in_voxel_F2911V.csv

Sheet F2935H
A1: F2935H
A2: LOCAL PORE PARAMETERS
A3: Pixel resolution (microns) | B3: 1.27
A4: Minimum pixel quantity for pore area | B4: 2
A5: Pore area resolution (microns^2) | B5: 6.4516
A6: Minor pore area (microns^2) | B6: 25.822136
A7: Maximum pore area (microns^2) | B7: 1052435
A8: Mean pore area (microns^2) | B8: 796.95724
A9: Minor pore diameter (microns) | B9: 5.7339135
A10: Maximum pore diameter (microns) | B10: 1157.5845
A11: Mean pore diameter (microns) | B11: 24.75381
A12: Minor pore radius (microns) | B12: 2.8669568
A13: Maximum pore radius (microns) | B13: 578.79226
A14: Mean pore radius (microns) | B14: 12.376905
... A17: Mean pore perimeter (microns) | B17: 30.31975
A18: Porosity (%) | B18: 13.70362 | C18: Fraction:
A19: Microcroporosity (%) (Anselmetti et al., 1998) | B19: 0.98194549 | C19: =B19/B18 -> 0.071655921
A20: Macro-mesoporosity (%) (Anselmetti et al., 1998) | B20: 12.721674 | C20: =B20/B18 -> 0.92834408
A21: Mean Pore area Microporosity (microns^2)(Anselmetti et al., 1998) | B21: 204.81009
A22: Mean Pore area Macro-mesoporosity (microns^2) (Anselmetti et al., 1998) | B22: 2085.4882
A23: Mean Pore perimeter Microporosity (microns) (Anselmetti et al., 1998) | B23: 20.123719
A24: Mean Pore perimeter Macro-mesoporosity (microns) (Anselmetti et al., 1998) | B24: 52.506637
A25: Mean Pore radius Microporosity(microns) (Anselmetti et al., 1998) | B25: 7.7097187
A26: Mean Pore radius Macro-mesoporosity(microns) (Anselmetti et al., 1998) | B26: 22.53285
A27: Mean Gamma | B27: 0.40700371
A28: Mean Gamma Microporosity (Anselmetti et al., 1998) | B28: 0.41995715
A29: Mean Gamma Macro-mesoporosity (Anselmetti et al., 1998) | B29: 0.37881661
A30: Mean Fps (microns^-1) (equal to gamma^2) | B30: 0.16565202
A31: Mean Fps Microporosity (microns^-1) (Anselmetti et al., 1998) (microns^-1) | B31: 0.17636401
A32: Mean Fps Macro-mesoporosity (microns^-1) (Anselmetti et al., 1998) (microns^-1) | B32: 0.14350202
... A39: Permeability (Kozeny-Carman) (mD) | B39: 1841.816
A40: Porosity area occurence (Anselmetti et al., 1998): | B40: %
A41: <0.5 | B41: 0
A42: 0.5:5 | B42: 0
A43: 5:5E1 | B43: 0.0026446871
A44: 5E1:5E2 | B44: 0.9793008
A45: 5E2:5E3 | B45: 5.6283702
A46: 5E3:5E4 | B46: 5.8716376
A47: >5E4 | B47: 1.2216663
A48: Mean Aspect Ratio | B48: 0.55726415
A49: Median Aspect Ratio | B49: 0.55255012
A50: FREQ.(%)- OBLATE PORE ASPECT RATIO
A51: Aspect ratio: | B51: % | C51: Mean aspect ratio | D51: Mean Gamma | E51: Mean Fps (microns^-1) | F51: Minor pore area (microns^2) | G51: Maximum pore area (microns^2) | H51: Mean pore area (microns^2) | I51: Minor pore diameter (microns) | J51: Maximum pore diameter (microns) | K51: Mean pore diameter (microns) | L51: Minor pore radius (microns) | M51: Maximum pore radius (microns) | N51: Mean pore radius (microns) | O51: Minor pore perimeter (microns) | P51: Maximum pore perimeter (microns) | Q51: Mean pore perimeter (microns)
A52: 0-0.1 | B52: 0 | C52: 0 | D52: 0 | E52: 0 | F52: 0 | G52: 0 | H52: 0 | I52: 0 | J52: 0 | K52: 0 | L52: 0 | M52: 0 | N52: 0 | O52: 0 | P52: 0 | Q52: 0
A53: 0.1-0.2 | B53: 0.028339243 | C53: 0.17714107 | D53: 0.27970839 | E53: 0.079311122 | F53: 87.372418 | G53: 11698.898 | H53: 373.50473 | I53: 7.193062 | J53: 51.246127 | K53: 11.18921 | L53: 5.2736614 | M53: 61.02356 | N53: 9.5139257 | O53: 8.7514277 | P53: 127.94068 | Q53: 17.176444
A54: 0.2-0.3 | B54: 0.74803143 | C54: 0.27201648 | D54: 0.31696249 | E54: 0.10109102 | F54: 56.565324 | G54: 67276.388 | H54: 734.18488 | I54: 5.5206331 | J54: 111.01267 | K54: 13.465918 | L54: 4.2432655 | M54: 146.33776 | N54: 12.414073 | O54: 8.4928921 | P54: 243.0717 | Q54: 24.932257
A55: 0.3-0.4 | B55: 7.8116655 | C55: 0.3648489 | D55: 0.35039488 | E55: 0.12326615 | F55: 50.043823 | G55: 1052435 | H55: 912.89363 | I55: 4.7171511 | J55: 386.37351 | K55: 14.673506 | L55: 3.9911707 | M55: 578.79226 | N55: 14.381699 | O55: 8.6666773 | P55: 829.56561 | Q55: 31.287775
A56: 0.4-0.5 | B56: 24.701854 | C56: 0.45519917 | D56: 0.37839744 | E56: 0.14368934 | F56: 39.600341 | G56: 139505.28 | H56: 914.12267 | I56: 4.0904058 | J56: 152.33224 | K56: 13.73683 | L56: 3.5503775 | M56: 210.7271 | N56: 14.024766 | O56: 8.7577918 | P56: 356.20194 | Q56: 32.551976
A57: 0.5-0.6 | B57: 31.252735 | C57: 0.54943522 | D57: 0.40577102 | E57: 0.16523214 | F57: 35.285419 | G57: 674755 | H57: 866.62885 | I57: 3.7031237 | J57: 264.2065 | K57: 12.316749 | L57: 3.3513725 | M57: 463.44491 | N57: 12.908968 | O57: 8.9094898 | P57: 730.72545 | Q57: 31.759479
A58: 0.6-0.7 | B58: 23.168109 | C58: 0.64555317 | D58: 0.43287565 | E58: 0.18798681 | F58: 31.902098 | G58: 297792.9 | H58: 697.98928 | I58: 3.49435 | J58: 191.67742 | K58: 10.463107 | L58: 3.1866523 | M58: 307.88053 | N58: 11.037258 | O58: 9.0049756 | P58: 549.22602 | Q58: 28.771096
A59: 0.7-0.8 | B59: 10.191228 | C59: 0.74015257 | D59: 0.45704874 | E59: 0.20944325 | F59: 29.107148 | G59: 320769.84 | H59: 522.08224 | I59: 3.2798096 | J59: 196.74698 | K59: 8.770118 | L59: 3.0438615 | M59: 319.53749 | N59: 9.1997581 | O59: 9.1018512 | P59: 578.17573 | Q59: 25.303365
A60: 0.8-0.9 | B60: 2.0130205 | C60: 0.8317485 | D60: 0.47724749 | E60: 0.22824605 | F60: 28.617086 | G60: 105070.53 | H60: 400.26439 | I60: 3.2281146 | J60: 122.65384 | K60: 7.564578 | L60: 3.0181288 | M60: 182.87971 | N60: 7.8627743 | O60: 9.3192881 | P60: 374.56795 | Q60: 22.614116
A61: 0.9-1.0 | B61: 0.085017728 | C61: 0.9243629 | D61: 0.49518043 | E61: 0.24581251 | F61: 25.822136 | G61: 60722.797 | H61: 496.23533 | I61: 3.014187 | J61: 95.646655 | K61: 6.8674997 | L61: 2.8669568 | M61: 139.02758 | N61: 7.2254094 | O61: 9.4693478 | P61: 298.3235 | Q61: 21.135268
A62: GLOBAL PORE PARAMETERS
A63: Global-Minimum pixel quantity for pore area: | B63: 10
A64: Global-Pore area resolution (microns^2): | B64: 161.29
A65: Global-Perimeter over Area (mm^-1): | B65: 33.374717
A66: Global-DomSize (microns): | B66: 75.746937
A67: Global-Specific Pore Surface Area (mm^-1): | B67: 403.48016
A68: INPUT FILE(S) OF ANALYSIS:
A69: Results_PoreInfo_scale_in_voxel_F2935H.csv

Sheet F2870H
A1: F2870H(6mm)
A2: LOCAL PORE PARAMETERS
A3: Pixel resolution (microns) | B3: 3.33
A4: Minimum pixel quantity for pore area | B4: 2
A5: Pore area resolution (microns^2) | B5: 44.3556
A6: Minor pore area (microns^2) | B6: 177.53059
A7: Maximum pore area (microns^2) | B7: 188673.67
A8: Mean pore area (microns^2) | B8: 2746.456
A9: Minor pore diameter (microns) | B9: 15.034592
A10: Maximum pore diameter (microns) | B10: 490.12935
A11: Mean pore diameter (microns) | B11: 51.217537
A12: Minor pore radius (microns) | B12: 7.5172961
A13: Maximum pore radius (microns) | B13: 245.06467
A14: Mean pore radius (microns) | B14: 25.608769
... A17: Mean pore perimeter (microns) | B17: 64.004879
A18: Porosity (%) | B18: 0.37049279 | C18: Fraction:
A19: Microcroporosity (%) (Anselmetti et al., 1998) | B19: 0.0019874236 | C19: =B19/B18 -> 0.0053642707
A20: Macro-mesoporosity (%) (Anselmetti et al., 1998) | B20: 0.36850536 | C20: =B20/B18 -> 0.99463573
A21: Mean Pore area Microporosity (microns^2)(Anselmetti et al., 1998) | B21: 401.58269
A22: Mean Pore area Macro-mesoporosity (microns^2) (Anselmetti et al., 1998) | B22: 3005.4263
A23: Mean Pore perimeter Microporosity (microns) (Anselmetti et al., 1998) | B23: 31.994744
A24: Mean Pore perimeter Macro-mesoporosity (microns) (Anselmetti et al., 1998) | B24: 67.540112
A25: Mean Pore radius Microporosity(microns) (Anselmetti et al., 1998) | B25: 11.263885
A26: Mean Pore radius Macro-mesoporosity(microns) (Anselmetti et al., 1998) | B26: 27.193033
A27: Mean Gamma | B27: 0.40957173
A28: Mean Gamma Microporosity (Anselmetti et al., 1998) | B28: 0.45305849
A29: Mean Gamma Macro-mesoporosity (Anselmetti et al., 1998) | B29: 0.404769
A30: Mean Fps (microns^-1) (equal to gamma^2) | B30: 0.167749
A31: Mean Fps Microporosity (microns^-1) (Anselmetti et al., 1998) (microns^-1) | B31: 0.205262
A32: Mean Fps Macro-mesoporosity (microns^-1) (Anselmetti et al., 1998) (microns^-1) | B32: 0.16383795
... A39: Permeability (Kozeny-Carman) (mD) | B39: 270.33302
A40: Porosity area occurence (Anselmetti et al., 1998): | B40: %
A41: <0.5 | B41: 0
A42: 0.5:5 | B42: 0
A43: 5:5E1 | B43: 0
A44: 5E1:5E2 | B44: 0.0019874236
A45: 5E2:5E3 | B45: 0.12448357
A46: 5E3:5E4 | B46: 0.21863164
A47: >5E4 | B47: 0.025390158
A48: Mean Aspect Ratio | B48: 0.55125387
A49: Median Aspect Ratio | B49: 0.54736059
A50: FREQ.(%)- OBLATE PORE ASPECT RATIO
A51: Aspect ratio: | B51: % | C51: Mean aspect ratio | D51: Mean Gamma | E51: Mean Fps (microns^-1) | F51: Minor pore area (microns^2) | G51: Maximum pore area (microns^2) | H51: Mean pore area (microns^2) | I51: Minor pore diameter (microns) | J51: Maximum pore diameter (microns) | K51: Mean pore diameter (microns) | L51: Minor pore radius (microns) | M51: Maximum pore radius (microns) | N51: Mean pore radius (microns) | O51: Minor pore perimeter (microns) | P51: Maximum pore perimeter (microns) | Q51: Mean pore perimeter (microns)
A52: 0-0.1 | B52: 0.002585984 | C52: 0.058521324 | D52: 0.14183445 | E52: 0.020117012 | F52: 2056.5027 | G52: 2056.5027 | H52: 2056.5027 | I52: 63.194375 | J52: 63.194375 | K52: 63.194375 | L52: 25.585253 | M52: 25.585253 | N52: 25.585253 | O52: 22.800864 | P52: 22.800864 | Q52: 22.800864
A53: 0.1-0.2 | B53: 0.069821567 | C53: 0.18049974 | D53: 0.27583491 | E53: 0.077334981 | F53: 722.04674 | G53: 8990.3093 | H53: 2447.226 | I53: 21.654199 | J53: 53.647566 | K53: 30.929452 | L53: 15.160297 | M53: 53.4949 | N53: 26.514038 | O53: 24.571509 | P53: 116.36198 | Q53: 47.144036
A54: 0.2-0.3 | B54: 1.5696923 | C54: 0.26810618 | D54: 0.31724728 | E54: 0.10138707 | F54: 405.5216 | G54: 57094.93 | H54: 5029.1183 | I54: 14.795004 | J54: 121.16954 | K54: 36.317851 | L54: 11.361405 | M54: 134.81054 | N54: 33.967601 | O54: 22.833093 | P54: 262.47993 | Q54: 68.767288
A55: 0.3-0.4 | B55: 10.287044 | C55: 0.36188427 | D55: 0.35294705 | E55: 0.12509499 | F55: 395.18552 | G55: 148407.9 | H55: 4712.2299 | I55: 12.999857 | J55: 198.00051 | K55: 35.252309 | L55: 11.215679 | M55: 217.34696 | N55: 34.554346 | O55: 24.291189 | P55: 381.65966 | Q55: 76.410859
A56: 0.4-0.5 | B56: 24.228084 | C56: 0.45385547 | D56: 0.38224797 | E56: 0.14654094 | F56: 316.63855 | G56: 176887.99 | H56: 3585.4072 | I56: 10.703275 | J56: 228.17154 | K56: 29.843085 | L56: 10.039382 | M56: 237.28716 | N56: 29.933103 | O56: 24.840626 | P56: 467.46388 | Q56: 71.140823
A57: 0.5-0.6 | B57: 28.531161 | C57: 0.54944221 | D57: 0.41065952 | E57: 0.16904977 | F57: 259.89483 | G57: 188673.67 | H57: 2615.8029 | I57: 10.062196 | J57: 181.81642 | K57: 25.031073 | L57: 9.0954436 | M57: 245.06467 | N57: 25.408548 | O57: 24.401607 | P57: 517.38071 | Q57: 64.579063
A58: 0.6-0.7 | B58: 22.073959 | C58: 0.6459212 | D58: 0.4381186 | E58: 0.19229144 | F58: 223.37626 | G58: 163275.89 | H58: 1851.3788 | I58: 9.034883 | J58: 183.82185 | K58: 20.922338 | L58: 8.4322518 | M58: 227.97441 | N58: 21.253907 | O58: 23.611471 | P58: 482.6403 | Q58: 57.589058
A59: 0.7-0.8 | B59: 10.786139 | C59: 0.74078014 | D59: 0.46170888 | E59: 0.21345547 | F59: 194.05237 | G59: 67127.009 | H59: 1240.1309 | I59: 8.0802754 | J59: 113.9969 | K59: 17.641526 | L59: 7.8593123 | M59: 146.1752 | N59: 17.786569 | O59: 24.173038 | P59: 303.68163 | Q59: 50.909639
A60: 0.8-0.9 | B60: 2.3351435 | C60: 0.83105203 | D60: 0.48037424 | E60: 0.23098321 | F60: 196.74624 | G60: 22375.402 | H60: 976.19965 | I60: 8.4642689 | J60: 72.208345 | K60: 16.001561 | L60: 7.9136763 | M60: 84.393789 | N60: 16.026617 | O60: 24.435614 | P60: 214.18836 | Q60: 47.843953
A61: 0.9-1.0 | B61: 0.11636928 | C61: 0.92786302 | D61: 0.50051225 | E61: 0.25063687 | F61: 177.53059 | G61: 3856.2863 | H61: 668.87304 | I61: 7.9033407 | J61: 33.767455 | K61: 13.883487 | L61: 7.5172961 | M61: 35.035611 | N61: 13.67091 | O61: 24.829077 | P61: 104.12895 | Q61: 42.716863
A62: GLOBAL PORE PARAMETERS
A63: Global-Minimum pixel quantity for pore area: | B63: 10
A64: Global-Pore area resolution (microns^2): | B64: 1108.89
A65: Global-Perimeter over Area (mm^-1): | B65: 19.466501
A66: Global-DomSize (microns): | B66: 180.61364
A67: Global-Specific Pore Surface Area (mm^-1): | B67: 254.02931
A68: INPUT FILE(S) OF ANALYSIS:
A69: Results_PoreInfo_scale_in_voxel_F2870H.csv
