Workbook

Sheet General Information
A8: LENEP | B8: Petroleum Exploration and Enginnering Lab
A9: Coordinator | B9: Prof. Marco Ceia
A10: Contact | B10: marco@lenep.uenf.br
A13: Abbreviations & Symbols
A14: K[N2] | B14: Nitrogen Gas Permeability
A15: Vp | B15: P wave velocity
A16: Vs | B16: S wave velocity
A17: FPS | B17: Frames per second
A18: Cpc | B18: Pore compressibility
A19: Cbc | B19: Bulk compressibility
A20: Pc | B20: Confining Pressure
A21: Kdry | B21: Bulk modulus of the dry rock
A22: Kmin | B22: Mineral bulk Modulus
A23: Coef. Biot | B23: Biot Coefficient
A24: Kg | B24: Permeability (Coreval)
A25: ϕ | B25: Porosity (Coreval)
A31: BFW Brine
A32: Salt | B32: Name | C32: Concentration (g/L) | D32: Concentration (g/2L) | E32: Concentration (g/5L)
A33: NaCl | B33: Sodium chloride | C33: 146.32 | D33: 292.64 | E33: 731.59
A34: KCl | B34: Potassium chloride | C34: 2.288 | D34: 4.58 | E34: 11.44
A35: CaCl2.2H2O | B35: Calcium chloride dihydrate | C35: 88.77 | D35: 177.54 | E35: 443.85
A36: MgCl2.6H20 | B36: Magnesium chloride hexahydrate | C36: 17.72 | D36: 35.45 | E36: 88.62
A37: BaCl2.2H2O | B37: Barium chloride dihydrate | C37: 0.04 | D37: 0.09 | E37: 0.21
A38: SrCl2.6H2O | B38: Strontium chloride hexahydrate | C38: 3.833 | D38: 7.67 | E38: 19.16
A39: Na2SO4 | B39: Sodium sulfate | C39: 0.06 | D39: 0.12 | E39: 0.3

Sheet Rock info
A2: Sample | B2: Thin Section | C2: Depth (m) | D2: Geological Age | E2: Location | F2: Well | G2: Classification | H2: Main Pore Types | I2: Sample Type | J2: Source Table | K2: Dry Weight (g) | L2: Caliper Bulk Volume (cm³) | M2: Observation
A3: F7285V | B3: 7285V | C3: 5054.2 | D3: Aptian | E3: Santos Basin, Barra Velha Fm. | F3: BR 1-BRSA-1045-SPS | G3: Grainstone | H3: Vug, intraparticle | I3: Well plug | J3: LENEP - UENF | K3: 123097 | L3: 47057
A4: F7286H | B4: 7187-1 | C4: 5054.3 | D4: Aptian | E4: Santos Basin, Barra Velha Fm. | F4: BR 1-BRSA-1045-SPS | G4: Grainstone | H4: Fracture, channel, and vugs. | I4: Well plug | J4: LENEP - UENF | K4: 141297 | L4: 51275
A5: F7287H | B5: 71880-1 | C5: 5054.55 | D5: Aptian | E5: Santos Basin, Barra Velha Fm. | F5: BR 1-BRSA-1045-SPS | G5: Grainstone | H5: Vug | I5: Well plug | J5: LENEP - UENF | K5: 136322 | L5: 57808
A6: F7288H | B6: 7189-1 | C6: 5054.8 | D6: Aptian | E6: Santos Basin, Barra Velha Fm. | F6: BR 1-BRSA-1045-SPS | G6: Grainstone | H6: Channel, vugs, and intraparticle. | I6: Well plug | J6: LENEP - UENF | K6: 119558 | L6: 49901
A7: - | B7: 4587-1 | C7: 5055 | D7: Aptian | E7: Santos Basin, Barra Velha Fm. | F7: BR 1-BRSA-1045-SPS
A8: F7289H | B8: 7190-1 | C8: 5055.1 | D8: Aptian | E8: Santos Basin, Barra Velha Fm. | F8: BR 1-BRSA-1045-SPS | G8: Grainstone with calcite spherulitic, fragments of shrubs, and peloids. | H8: Interparticle,vugs, and channels. | I8: Well plug | J8: LENEP - UENF | K8: 145.474 | L8: 61.561
A9: F7290V | B9: 7290V | C9: 5055.2 | D9: Aptian | E9: Santos Basin, Barra Velha Fm. | F9: BR 1-BRSA-1045-SPS | G9: Grainstone | H9: Intraparticle, interparticle, and vugs. | I9: Well plug | J9: LENEP - UENF | K9: 198.802 | L9: 84.034
A10: F7291H | B10: 7191-1 | C10: 5055.4 | D10: Aptian | E10: Santos Basin, Barra Velha Fm. | F10: BR 1-BRSA-1045-SPS | G10: Silexite | H10: vugs, intraparticles and vugs. | I10: Well plug | J10: LENEP - UENF | K10: 148.161 | L10: 59.293 | M10: Oil Impregnated
A11: F7292H | B11: 7192-1 | C11: 5055.75 | D11: Aptian | E11: Santos Basin, Barra Velha Fm. | F11: BR 1-BRSA-1045-SPS | G11: Grainstone with spherulites, shrubs fragments, and, peloids. | H11: Channel, vugs, and intraparticle. | I11: Well plug | J11: LENEP - UENF | K11: 137.392 | L11: 59.824
A12: F7293H | B12: 7193-2 | C12: 5056.1 | D12: Aptian | E12: Santos Basin, Barra Velha Fm. | F12: BR 1-BRSA-1045-SPS | G12: Grainstone with shrubs fragments, and, peloids. | H12: Intraparticle , interparticle | I12: Well plug | J12: LENEP - UENF | K12: 130.187 | L12: 54.752
A13: F7294H | B13: 7194-1 | C13: 5056.4 | D13: Aptian | E13: Santos Basin, Barra Velha Fm. | F13: BR 1-BRSA-1045-SPS | G13: Grainstone with shrubs fragments, spherulites and, peloids | H13: intercrystal, intraparticles, vugs, breccias, and channels | I13: Well plug | J13: LENEP - UENF | K13: 135.455 | L13: 60.557
A14: F7295V | B14: 7295V | C14: 5056.5 | D14: Aptian | E14: Santos Basin, Barra Velha Fm. | F14: BR 1-BRSA-1045-SPS | G14: Grainstone | H14: Vugs, interparticle, and channels. | I14: Well plug | J14: LENEP - UENF | K14: 197.743 | L14: 85.243
A15: F7296H | B15: 7391-1 | C15: 5056.65 | D15: Aptian | E15: Santos Basin, Barra Velha Fm. | F15: BR 1-BRSA-1045-SPS | G15: Arborescent shrub | H15: Intraparticle and moldic. | I15: Well plug | J15: LENEP - UENF | K15: 142.992 | L15: 59.062
A16: F7297H | B16: 7196-1 | C16: 5056.95 | D16: Aptian | E16: Santos Basin, Barra Velha Fm. | F16: BR 1-BRSA-1045-SPS | G16: Arborescent shrub | H16: Vug, fracture, and channels. | I16: Well plug | J16: LENEP - UENF | K16: 124.512 | L16: 51.116
A17: F2829V | C17: 5206 | D17: Aptian | E17: Santos Basin, Barra Velha Fm. | F17: BR 3-BRSA-861-SPS | I17: Well plug | J17: LENEP - UENF | K17: 172.696 | L17: 69.094
A18: F2830H | C18: 5206.05 | D18: Aptian | E18: Santos Basin, Barra Velha Fm. | F18: BR 3-BRSA-861-SPS | I18: Well plug | J18: LENEP - UENF | K18: 182.26 | L18: 70.898
A19: F2846H | C19: 5210.05 | D19: Aptian | E19: Santos Basin, Barra Velha Fm. | F19: BR 3-BRSA-861-SPS | I19: Well plug | J19: LENEP - UENF | K19: 171.805 | L19: 72.255
A20: F2852H | C20: 5211.4 | D20: Aptian | E20: Santos Basin, Barra Velha Fm. | F20: BR 3-BRSA-861-SPS | I20: Well plug | J20: LENEP - UENF | K20: 206.63 | L20: 77.496
A21: F2853H | C21: 5211.8 | D21: Aptian | E21: Santos Basin, Barra Velha Fm. | F21: BR 3-BRSA-861-SPS | I21: Well plug | J21: LENEP - UENF | K21: 142.651 | L21: 54.307
A22: F2854H | C22: 5212.05 | D22: Aptian | E22: Santos Basin, Barra Velha Fm. | F22: BR 3-BRSA-861-SPS | I22: Well plug | J22: LENEP - UENF | K22: 191.347 | L22: 76.769
A23: F2855V | C23: 5212.15 | D23: Aptian | E23: Santos Basin, Barra Velha Fm. | F23: BR 3-BRSA-861-SPS | I23: Well plug | J23: LENEP - UENF | K23: 189.453 | L23: 77.56
A24: F2857H | C24: 5212.7 | D24: Aptian | E24: Santos Basin, Barra Velha Fm. | F24: BR 3-BRSA-861-SPS | I24: Well plug | J24: LENEP - UENF | K24: 200.884 | L24: 78.072
A25: F2858V | C25: 5212.75 | D25: Aptian | E25: Santos Basin, Barra Velha Fm. | F25: BR 3-BRSA-861-SPS | I25: Well plug | J25: LENEP - UENF | K25: 139.365 | L25: 55.4
A26: F2859H | C26: 5212.9 | D26: Aptian | E26: Santos Basin, Barra Velha Fm. | F26: BR 3-BRSA-861-SPS | I26: Well plug | J26: LENEP - UENF | K26: 195.012 | L26: 77.079
A27: F2868H | C27: 5215.2 | D27: Aptian | E27: Santos Basin, Barra Velha Fm. | F27: BR 3-BRSA-861-SPS | I27: Well plug | J27: LENEP - UENF | K27: 183.718 | L27: 76.616
A28: F2870H | C28: 5215.55 | D28: Aptian | E28: Santos Basin, Barra Velha Fm. | F28: BR 3-BRSA-861-SPS | I28: Well plug | J28: LENEP - UENF | K28: 181.088 | L28: 70.867
... A45: F2936H | C45: 5232.55 | D45: Aptian | E45: Santos Basin, Barra Velha Fm. | F45: BR 3-BRSA-861-SPS | I45: Well plug | J45: LENEP - UENF | K45: 173.54 | L45: 66.259
A46: COD-SA-01-AH | B46: 3586 | D46: Aptian | E46: Codó Fm., Parnaíba Basin | G46: Grainstone | I46: Outcrop | J46: LENEP - UENF | K46: 187.661 | L46: 73.614
A47: COD-SA-01-AV | B47: 3590 | D47: Aptian | E47: Codó Fm., Parnaíba Basin | G47: Grainstone | I47: Outcrop | J47: LENEP - UENF | K47: 173.233 | L47: 68.089
A48: COD-SA-01-BH | D48: Aptian | E48: Codó Fm., Parnaíba Basin | I48: Outcrop | J48: LENEP - UENF | K48: 157.606 | L48: 62.53
A49: COD-SA-01-BV | B49: 3589 | D49: Aptian | E49: Codó Fm., Parnaíba Basin | G49: Grainstone | I49: Outcrop | J49: LENEP - UENF | K49: 172.829 | L49: 68.136
A50: COD-SA-01-CH | B50: 3587 | D50: Aptian | E50: Codó Fm., Parnaíba Basin | G50: Grainstone | I50: Outcrop | J50: LENEP - UENF | K50: 155.168 | L50: 60.982
A51: COD-SA-01-CV | D51: Aptian | E51: Codó Fm., Parnaíba Basin | I51: Outcrop | J51: LENEP - UENF | K51: 172.14 | L51: 68.495
A52: COD-SA-01-DH | D52: Aptian | E52: Codó Fm., Parnaíba Basin | I52: Outcrop | J52: LENEP - UENF | K52: 129.464 | L52: 49.471
A53: COD-SA-01-DV | D53: Aptian | E53: Codó Fm., Parnaíba Basin | I53: Outcrop | J53: LENEP - UENF | K53: 157.85 | L53: 66.76
A54: COD-AS-01-EH | B54: 3591 | D54: Aptian | E54: Codó Fm., Parnaíba Basin | G54: Grainstone | I54: Outcrop | J54: LENEP - UENF
A55: COD-AS-01-EV | B55: 3592 | D55: Aptian | E55: Codó Fm., Parnaíba Basin | G55: Grainstone | I55: Outcrop | J55: LENEP - UENF
A56: COD-AS-01-FH | B56: 3588 | D56: Aptian | E56: Codó Fm., Parnaíba Basin | G56: Grainstone | I56: Outcrop | J56: LENEP - UENF | K56: 188.871 | L56: 77.375
A57: GRA-BAR-01-AH | B57: 3593 | D57: Aptian | E57: Codó Fm., Parnaíba Basin | G57: Mudstone | I57: Outcrop | J57: LENEP - UENF | K57: 143.913 | L57: 63.06
A58: GRA-BAR-01-AV | D58: Aptian | E58: Codó Fm., Parnaíba Basin | I58: Outcrop | J58: LENEP - UENF | K58: 146.734 | L58: 66.102
A59: GRA-BAR-01-BH | D59: Aptian | E59: Codó Fm., Parnaíba Basin | I59: Outcrop | J59: LENEP - UENF | K59: 181.868 | L59: 79.887
A60: GRA-BAR-01-BV | B60: 3598 | D60: Aptian | E60: Codó Fm., Parnaíba Basin | G60: Mudstone | I60: Outcrop | J60: LENEP - UENF | K60: 190.317 | L60: 84.811
A61: GRA-BAR-01-CH | B61: 3594 | D61: Aptian | E61: Codó Fm., Parnaíba Basin | G61: Mudstone | I61: Outcrop | J61: LENEP - UENF | K61: 167.91 | L61: 74.163
A62: GRA-BAR-01-CV | B62: 3597 | D62: Aptian | E62: Codó Fm., Parnaíba Basin | G62: Mudstone | I62: Outcrop | J62: LENEP - UENF | K62: 170.995 | L62: 73.953
A63: GRA-BAR-01-DH | D63: Aptian | E63: Codó Fm., Parnaíba Basin | I63: Outcrop | J63: LENEP - UENF | K63: 181.217 | L63: 78.056
A64: GRA-BAR-01-DV | D64: Aptian | E64: Codó Fm., Parnaíba Basin | I64: Outcrop | J64: LENEP - UENF | K64: 158 | L64: 63.025
A65: GRA-BAR-01-EH | B65: 3595 | D65: Aptian | E65: Codó Fm., Parnaíba Basin | G65: Mudstone | I65: Outcrop | J65: LENEP - UENF | K65: 175.966 | L65: 78.553
A66: GRA-BAR-01-EV | D66: Aptian | E66: Codó Fm., Parnaíba Basin | I66: Outcrop | J66: LENEP - UENF | K66: 151.496 | L66: 68.355
A67: GRA-BAR-01-FH | D67: Aptian | E67: Codó Fm., Parnaíba Basin | I67: Outcrop | J67: LENEP - UENF | K67: 158 | L67: 63.025
A68: GRA-BAR-01-FV | B68: 3599 | D68: Aptian | E68: Codó Fm., Parnaíba Basin | G68: Mudstone | I68: Outcrop | J68: LENEP - UENF | K68: 136.894 | L68: 62.506
A69: GRA-BAR-01-GH | B69: 3596 | D69: Aptian | E69: Codó Fm., Parnaíba Basin | G69: Mudstone | I69: Outcrop | J69: LENEP - UENF | K69: 169.373 | L69: 79.224
A70: GRA-BAR-01-GV | B70: 3600 | D70: Aptian | E70: Codó Fm., Parnaíba Basin | G70: Mudstone | I70: Outcrop | J70: LENEP - UENF | K70: 112.115 | L70: 51.516
A71: A15 | D71: Aptian | E71: Morro do Chaves Fm., Sergipe-Alagoas Basin | I71: Outcrop | J71: LENEP - UENF | K71: 132.406 | L71: 51.199
A72: A17 | D72: Aptian | E72: Morro do Chaves Fm., Sergipe-Alagoas Basin | I72: Outcrop | J72: LENEP - UENF | K72: 120.921 | L72: 51.165
A73: A18 | D73: Aptian | E73: Morro do Chaves Fm., Sergipe-Alagoas Basin | I73: Outcrop | J73: LENEP - UENF | K73: 117.924 | L73: 51.123
A74: A18-1 | D74: Aptian | E74: Morro do Chaves Fm., Sergipe-Alagoas Basin | G74: Rudstone | H74: Vugs, interparticle, fractures | I74: Outcrop | J74: LENEP - UENF | K74: 180.416 | L74: 79.548
A75: A18-2 | D75: Aptian | E75: Morro do Chaves Fm., Sergipe-Alagoas Basin | I75: Outcrop | J75: LENEP - UENF | K75: 178.057 | L75: 79.157
A76: A18-3 | D76: Aptian | E76: Morro do Chaves Fm., Sergipe-Alagoas Basin | I76: Outcrop | J76: LENEP - UENF | K76: 191.209 | L76: 85.116
A77: Coq 101 | D77: Aptian | E77: Morro do Chaves Fm., Sergipe-Alagoas Basin | I77: Outcrop | J77: LENEP - UENF | K77: 192.613 | L77: 79.438
A78: Coq 10A | D78: Aptian | E78: Morro do Chaves Fm., Sergipe-Alagoas Basin | I78: Outcrop | J78: LENEP - UENF | K78: 34.155 | L78: 14.59
A79: Coq 10B | D79: Aptian | E79: Morro do Chaves Fm., Sergipe-Alagoas Basin | I79: Outcrop | J79: LENEP - UENF | K79: 216.457 | L79: 84.958
A80: Coq 112-1 | D80: Aptian | E80: Morro do Chaves Fm., Sergipe-Alagoas Basin | I80: Outcrop | J80: LENEP - UENF | K80: 117.988 | L80: 51.228
A81: Coq 112-2 | D81: Aptian | E81: Morro do Chaves Fm., Sergipe-Alagoas Basin | I81: Outcrop | J81: LENEP - UENF | K81: 198.726 | L81: 84.801
A82: Coq 112-3 | D82: Aptian | E82: Morro do Chaves Fm., Sergipe-Alagoas Basin | I82: Outcrop | J82: LENEP - UENF | K82: 185.778 | L82: 79.392
A83: Coq 112-4 | D83: Aptian | E83: Morro do Chaves Fm., Sergipe-Alagoas Basin | I83: Outcrop | J83: LENEP - UENF | K83: 195.595 | L83: 84.879
A84: Coq 18 | D84: Aptian | E84: Morro do Chaves Fm., Sergipe-Alagoas Basin | G84: Rudstone | H84: Vugs and fractures | I84: Outcrop | J84: LENEP - UENF
A85: Coq 18-1 | D85: Aptian | E85: Morro do Chaves Fm., Sergipe-Alagoas Basin | I85: Outcrop | J85: LENEP - UENF | K85: 192.467 | L85: 79.315
A86: Coq 18-2 | D86: Aptian | E86: Morro do Chaves Fm., Sergipe-Alagoas Basin | I86: Outcrop | J86: LENEP - UENF | K86: 197.526 | L86: 79.183
A87: Coq 18-3 | D87: Aptian | E87: Morro do Chaves Fm., Sergipe-Alagoas Basin | I87: Outcrop | J87: LENEP - UENF | K87: 137.29 | L87: 56.612
A88: Coq 18-4 | D88: Aptian | E88: Morro do Chaves Fm., Sergipe-Alagoas Basin | I88: Outcrop | J88: LENEP - UENF | K88: 133.675 | L88: 56.612
A89: Coq 2 | D89: Aptian | E89: Morro do Chaves Fm., Sergipe-Alagoas Basin | G89: Rudstone | H89: Vug, breccias, channels, fractures, intraparticle | I89: Outcrop | J89: LENEP - UENF | K89: 127.507 | L89: 61.885
A90: Coq 3 | D90: Aptian | E90: Morro do Chaves Fm., Sergipe-Alagoas Basin | G90: Sandy densestone | H90: Vugs, interparticle | I90: Outcrop | J90: LENEP - UENF | K90: 148.588 | L90: 67.434
A91: Coq 9 | D91: Aptian | E91: Morro do Chaves Fm., Sergipe-Alagoas Basin | G91: Shellstone | H91: Vug, fractures, interparticle, intraparticle | I91: Outcrop | J91: LENEP - UENF | K91: 39.122 | L91: 17.846
A92: G32 | D92: Aptian | E92: Morro do Chaves Fm., Sergipe-Alagoas Basin | G92: Rudstone | H92: Vug, channels, fractures, intraparticle | I92: Outcrop | J92: LENEP - UENF | K92: 119.283 | L92: 51.368
A93: G39-1 | D93: Aptian | E93: Morro do Chaves Fm., Sergipe-Alagoas Basin | I93: Outcrop | J93: LENEP - UENF | K93: 143.607 | L93: 56.771
A94: G39-2 | D94: Aptian | E94: Morro do Chaves Fm., Sergipe-Alagoas Basin | I94: Outcrop | J94: LENEP - UENF | K94: 187.414 | L94: 73.931
A95: JB5 | D95: Aptian | E95: Morro do Chaves Fm., Sergipe-Alagoas Basin | G95: Rudstone | H95: Intraparticle, moldic, interparticle, vugs | I95: Outcrop | J95: LENEP - UENF
A96: JB5-1 | D96: Aptian | E96: Morro do Chaves Fm., Sergipe-Alagoas Basin | I96: Outcrop | J96: LENEP - UENF | K96: 127.362 | L96: 50.816
A97: JB5-2 | D97: Aptian | E97: Morro do Chaves Fm., Sergipe-Alagoas Basin | I97: Outcrop | J97: LENEP - UENF | K97: 169.308 | L97: 67.996
A98: R12 | D98: Aptian | E98: Morro do Chaves Fm., Sergipe-Alagoas Basin | G98: Rudstone | H98: Intraparticle, moldic, interparticle, vugs | I98: Outcrop | J98: LENEP - UENF | K98: 127.58 | L98: 56.511
A99: R13-1 | D99: Aptian | E99: Morro do Chaves Fm., Sergipe-Alagoas Basin | I99: Outcrop | J99: LENEP - UENF | K99: 193.125 | L99: 79.101
A100: R13-2 | D100: Aptian | E100: Morro do Chaves Fm., Sergipe-Alagoas Basin | I100: Outcrop | J100: LENEP - UENF | K100: 209.767 | L100: 85.037
A101: R13-3 | D101: Aptian | E101: Morro do Chaves Fm., Sergipe-Alagoas Basin | I101: Outcrop | J101: LENEP - UENF | K101: 210.403 | L101: 85.104
A102: 10-B | D102: Aptian | E102: Morro do Chaves Fm., Sergipe-Alagoas Basin | G102: Shellstone | H102: Vug, fractures, interparticle, intraparticle | I102: Outcrop | J102: LENEP - UENF
A103: A1-LS | D103: Holocene | E103: Lagoa Salgada, Campos Basin | I103: Outcrop | J103: LENEP - UENF | K103: 22.428 | L103: 14.32
A104: A2-LS | D104: Holocene | E104: Lagoa Salgada, Campos Basin | I104: Outcrop | J104: LENEP - UENF | K104: 29.177 | L104: 15.25
A105: A3-LS | D105: Holocene | E105: Lagoa Salgada, Campos Basin | I105: Outcrop | J105: LENEP - UENF | K105: 30.105 | L105: 14.8
A106: A4-LS | D106: Holocene | E106: Lagoa Salgada, Campos Basin | I106: Outcrop | J106: LENEP - UENF | K106: 30.031 | L106: 17.41
A107: ELS1 | D107: Holocene | E107: Lagoa Salgada, Campos Basin | I107: Outcrop | J107: LENEP - UENF | K107: 25.1564 | L107: 16.308
A108: Estr.cimen2 | D108: Holocene | E108: Lagoa Salgada, Campos Basin | I108: Outcrop | J108: LENEP - UENF | K108: 37.124 | L108: 19.494
A109: Estr.cimen3 | D109: Holocene | E109: Lagoa Salgada, Campos Basin | I109: Outcrop | J109: LENEP - UENF | K109: 37.727 | L109: 19.39

Sheet Porosity
A2: Sample | B2: Depth (m) | C2: Well / Location | D2: Unconfined Porosity (%) | E2: Bulk Density (dry) (g/cm³) | F2: Grain Density (g/cm³) | G2: Observation
A3: F7285V | B3: 5054.2 | C3: BR 1-BRSA-1045-SPS | D3: 5.257 | E3: 2.616 | F3: 2.761 | G3: Estimated from XRD and 3D Scanner info
A4: F7286H | B4: 5054.3 | C4: BR 1-BRSA-1045-SPS | D4: 3.885 | E4: 2.756 | F4: 2.867 | G4: Estimated from XRD and 3D Scanner info
A5: F7287H | B5: 5054.55 | C5: BR 1-BRSA-1045-SPS | D5: 13.435 | E5: 2.358 | F5: 2.724 | G5: Estimated from XRD and 3D Scanner info
A6: F7288H | B6: 5054.8 | C6: BR 1-BRSA-1045-SPS | D6: 12.404 | E6: 2.396 | F6: 2.735 | G6: Estimated from XRD and 3D Scanner info
A7: F7289H | B7: 5055.1 | C7: BR 1-BRSA-1045-SPS | D7: 12.735 | E7: ='Rock info'!K8/'Rock info'!L8 -> 2.363087 | F7: 2.708 | G7: Ultrapore 300 - Gas Porosity
A8: F7290V | B8: 5055.2 | C8: BR 1-BRSA-1045-SPS | D8: 13.818 | E8: ='Rock info'!K9/'Rock info'!L9 -> 2.3657329 | F8: 2.745 | G8: Ultrapore 300 - Gas Porosity
A9: F7291H | B9: 5055.4 | C9: BR 1-BRSA-1045-SPS | D9: 6.776 | E9: ='Rock info'!K10/'Rock info'!L10 -> 2.4987941 | F9: 2.6802 | G9: Ultrapore 300 - Gas Porosity
A10: F7292H | B10: 5055.75 | C10: BR 1-BRSA-1045-SPS | D10: 16.219 | E10: ='Rock info'!K11/'Rock info'!L11 -> 2.2966034 | F10: 2.7414 | G10: Ultrapore 300 - Gas Porosity
A11: F7293H | B11: 5056.1 | C11: BR 1-BRSA-1045-SPS | D11: 12.569 | E11: ='Rock info'!K12/'Rock info'!L12 -> 2.3777579 | F11: 2.7198 | G11: Ultrapore 300 - Gas Porosity
A12: F7294H | B12: 5056.4 | C12: BR 1-BRSA-1045-SPS | D12: 18.114 | E12: ='Rock info'!K13/'Rock info'!L13 -> 2.2368182 | F12: 2.7318 | G12: Ultrapore 300 - Gas Porosity
A13: F7295V | B13: 5056.5 | C13: BR 1-BRSA-1045-SPS | D13: 16.009 | E13: ='Rock info'!K14/'Rock info'!L14 -> 2.3197565 | F13: 2.762 | G13: Ultrapore 300 - Gas Porosity
A14: F7296H | B14: 5056.65 | C14: BR 1-BRSA-1045-SPS | D14: 10.541 | E14: ='Rock info'!K15/'Rock info'!L15 -> 2.4210491 | F14: 2.7066 | G14: Ultrapore 300 - Gas Porosity
A15: F7297H | B15: 5056.95 | C15: BR 1-BRSA-1045-SPS | D15: 9.654 | E15: ='Rock info'!K16/'Rock info'!L16 -> 2.4358714 | F15: 2.6962 | G15: Ultrapore 300 - Gas Porosity
A16: F2829V | B16: 5206 | C16: BR 3-BRSA-861-SPS | D16: 6.723 | E16: 2.4994356 | F16: 2.68 | G16: Ultrapore 300 - Gas Porosity
A17: F2830H | B17: 5206.05 | C17: BR 3-BRSA-861-SPS | D17: 3.782 | E17: 2.5707354 | F17: 2.672 | G17: Ultrapore 300 - Gas Porosity
A18: F2846H | B18: 5210.05 | C18: BR 3-BRSA-861-SPS | D18: 9.32 | E18: 2.3777593 | F18: 2.622 | G18: Ultrapore 300 - Gas Porosity
A19: F2852H | B19: 5211.4 | C19: BR 3-BRSA-861-SPS | D19: 1.328 | E19: 2.6663312 | F19: 2.702 | G19: Ultrapore 300 - Gas Porosity
A20: F2853H | B20: 5211.8 | C20: BR 3-BRSA-861-SPS | D20: 2.761 | E20: 2.6267516 | F20: 2.701 | G20: Ultrapore 300 - Gas Porosity
A21: F2854H | B21: 5212.05 | C21: BR 3-BRSA-861-SPS | D21: 8.028 | E21: 2.4925035 | F21: 2.71 | G21: Ultrapore 300 - Gas Porosity
A22: F2855V | B22: 5212.15 | C22: BR 3-BRSA-861-SPS | D22: 9.93 | E22: 2.4426637 | F22: 2.712 | G22: Ultrapore 300 - Gas Porosity
A23: F2857H | B23: 5212.7 | C23: BR 3-BRSA-861-SPS | D23: 5.584 | E23: 2.5730608 | F23: 2.725 | G23: Ultrapore 300 - Gas Porosity
A24: F2858V | B24: 5212.75 | C24: BR 3-BRSA-861-SPS | D24: 7.28 | E24: 2.5156137 | F24: 2.713 | G24: Ultrapore 300 - Gas Porosity
A25: F2859H | B25: 5212.9 | C25: BR 3-BRSA-861-SPS | D25: 6.37 | E25: 2.5300276 | F25: 2.702 | G25: Ultrapore 300 - Gas Porosity
A26: F2868H | B26: 5215.2 | C26: BR 3-BRSA-861-SPS | D26: 8.86 | E26: 2.3979064 | F26: 2.631 | G26: Ultrapore 300 - Gas Porosity
A27: F2870H | B27: 5215.55 | C27: BR 3-BRSA-861-SPS | D27: 4.461 | E27: 2.5553219 | F27: 2.675 | G27: Ultrapore 300 - Gas Porosity
... A44: F2936H | B44: 5232.55 | C44: BR 3-BRSA-861-SPS | D44: 3.846 | E44: 2.6191159 | F44: 2.724 | G44: Ultrapore 300 - Gas Porosity
A45: COD-SA-01-AH | C45: Codó Fm. | D45: 5.724 | E45: 2.5492569 | F45: 2.704 | G45: Ultrapore 300 - Gas Porosity
A46: COD-SA-01-AV | C46: Codó Fm. | D46: 6.817 | E46: 2.5442142 | F46: 2.73 | G46: Ultrapore 300 - Gas Porosity
A47: COD-SA-01-BH | C47: Codó Fm. | D47: 8.474 | E47: 2.5204862 | F47: 2.754 | G47: Ultrapore 300 - Gas Porosity
A48: COD-SA-01-BV | C48: Codó Fm. | D48: 7.154 | E48: 2.5365299 | F48: 2.732 | G48: Ultrapore 300 - Gas Porosity
A49: COD-SA-01-CH | C49: Codó Fm. | D49: 7.522 | E49: 2.5444885 | F49: 2.751 | G49: Ultrapore 300 - Gas Porosity
A50: COD-SA-01-CV | C50: Codó Fm. | D50: 7.895 | E50: 2.5131761 | F50: 2.729 | G50: Ultrapore 300 - Gas Porosity
A51: COD-SA-01-DH | C51: Codó Fm. | D51: 4.829 | E51: 2.6169675 | F51: 2.75 | G51: Ultrapore 300 - Gas Porosity
A52: COD-SA-01-DV | C52: Codó Fm. | D52: 13.245 | E52: 2.3644398 | F52: 2.725 | G52: Ultrapore 300 - Gas Porosity
A53: COD-AS-01-EH | C53: Codó Fm. | D53: 8.1797611 | E53: 2.5180002 | F53: 2.709889 | G53: Estimated from XRD and 3D Scanner info
A54: COD-AS-01-EV | C54: Codó Fm. | D54: 7.0818801 | E54: 2.4882266 | F54: 2.709913 | G54: Estimated from XRD and 3D Scanner info
A55: COD-AS-01-FH | C55: Codó Fm. | D55: 22.835 | E55: 2.4409822 | F55: 3.163 | G55: Ultrapore 300 - Gas Porosity
A56: GRA-BAR-01-AH | C56: Codó Fm. | D56: 14.994 | E56: 2.2821598 | F56: 2.685 | G56: Ultrapore 300 - Gas Porosity
... A105: Estr.cimen3 | C105: Lagoa Salgada | D105: 23.5358 | E105: 1.95 | F105: 2.544 | G105: Ultrapore 300 - Gas Porosity

Sheet Permeability
A2: Sample | B2: Depth (m) | C2: Well / Location | D2: K[n2] (mD) | E2: Klinkenberg Permeability (mD) | F2: Ambient Pressure Gas Porosity (%) | G2: Gas Porosity (%) | H2: Confining Pressure (Psi) | I2: Confining Pressure (Mpa) | J2: Permeability Method Type | K2: Observation
A3: F7289H | B3: 5055.1 | C3: BR 1-BRSA-1045-SPS | D3: 6.789339 | E3: 5.600418 | F3: 12.734732 | G3: 12.586882 | H3: 400 | I3: =H3*0.00689476 -> 2.757904 | J3: Gas-inflow | K3: LOAD
A4: F7289H | B4: 5055.1 | C4: BR 1-BRSA-1045-SPS | D4: 6.675746 | E4: 5.40038 | F4: 12.734732 | G4: 12.58157 | H4: 800 | I4: =H4*0.00689476 -> 5.515808 | J4: Gas-inflow | K4: LOAD
A5: F7289H | B5: 5055.1 | C5: BR 1-BRSA-1045-SPS | D5: 6.639046 | E5: 5.370967 | F5: 12.734732 | G5: 12.540288 | H5: 1200 | I5: =H5*0.00689476 -> 8.273712 | J5: Gas-inflow | K5: LOAD
A6: F7289H | B6: 5055.1 | C6: BR 1-BRSA-1045-SPS | D6: 6.53479 | E6: 5.328197 | F6: 12.734732 | G6: 12.510031 | H6: 1600 | I6: =H6*0.00689476 -> 11.031616 | J6: Gas-inflow | K6: LOAD
A7: F7289H | B7: 5055.1 | C7: BR 1-BRSA-1045-SPS | D7: 6.541841 | E7: 5.164422 | F7: 12.734732 | G7: 12.483936 | H7: 2000 | I7: =H7*0.00689476 -> 13.78952 | J7: Gas-inflow | K7: LOAD
A8: F7289H | B8: 5055.1 | C8: BR 1-BRSA-1045-SPS | D8: 6.430573 | E8: 5.333663 | F8: 12.734732 | G8: 12.463082 | H8: 2400 | I8: =H8*0.00689476 -> 16.547424 | J8: Gas-inflow | K8: LOAD
A9: F7289H | B9: 5055.1 | C9: BR 1-BRSA-1045-SPS | D9: 6.392771 | E9: 5.301185 | F9: 12.734732 | G9: 12.436375 | H9: 2800 | I9: =H9*0.00689476 -> 19.305328 | J9: Gas-inflow | K9: LOAD
A10: F7289H | B10: 5055.1 | C10: BR 1-BRSA-1045-SPS | D10: 6.336634 | E10: 5.218385 | F10: 12.734732 | G10: 12.419154 | H10: 3200 | I10: =H10*0.00689476 -> 22.063232 | J10: Gas-inflow | K10: LOAD
A11: F7289H | B11: 5055.1 | C11: BR 1-BRSA-1045-SPS | D11: 6.324587 | E11: 5.251751 | F11: 12.734732 | G11: 12.426224 | H11: 2800 | I11: =H11*0.00689476 -> 19.305328 | J11: Gas-inflow | K11: UNLOAD
A12: F7289H | B12: 5055.1 | C12: BR 1-BRSA-1045-SPS | D12: 6.404803 | E12: 5.274282 | F12: 12.734732 | G12: 12.431346 | H12: 2400 | I12: =H12*0.00689476 -> 16.547424 | J12: Gas-inflow | K12: UNLOAD
A13: F7289H | B13: 5055.1 | C13: BR 1-BRSA-1045-SPS | D13: 6.45983 | E13: 5.217527 | F13: 12.734732 | G13: 12.425055 | H13: 2000 | I13: =H13*0.00689476 -> 13.78952 | J13: Gas-inflow | K13: UNLOAD
A14: F7289H | B14: 5055.1 | C14: BR 1-BRSA-1045-SPS | D14: 6.467303 | E14: 5.368351 | F14: 12.734732 | G14: 12.429823 | H14: 1600 | I14: =H14*0.00689476 -> 11.031616 | J14: Gas-inflow | K14: UNLOAD
... A44: F7291H | B44: 5055.4 | C44: BR 1-BRSA-1045-SPS | D44: 0.007199763 | E44: 0.001152585 | F44: 6.7768173 | G44: 6.154577 | H44: 1600 | I44: =H44*0.00689476 -> 11.031616 | J44: Gas-inflow | K44: UNLOAD
A45: F7291H | B45: 5055.4 | C45: BR 1-BRSA-1045-SPS | D45: NA | E45: NA | F45: 6.7768173 | G45: 6.2382524 | H45: NA | I45: NA | J45: Gas-inflow | K45: UNLOAD
A46: F7291H | B46: 5055.4 | C46: BR 1-BRSA-1045-SPS | D46: NA | E46: NA | F46: 6.7768173 | G46: 6.2126324 | H46: NA | I46: NA | J46: Gas-inflow | K46: UNLOAD
A47: F7291H | B47: 5055.4 | C47: BR 1-BRSA-1045-SPS | D47: NA | E47: NA | F47: 6.7768173 | G47: 6.2712331 | H47: NA | I47: NA | J47: Gas-inflow | K47: UNLOAD
A48: F7292H | B48: 5055.75 | C48: BR 1-BRSA-1045-SPS | D48: 18.80698 | E48: 16.52088 | F48: 16.220505 | G48: 16.110613 | H48: 400 | I48: =H48*0.00689476 -> 2.757904 | J48: Gas-inflow | K48: LOAD
A49: F7292H | B49: 5055.75 | C49: BR 1-BRSA-1045-SPS | D49: 18.46513 | E49: 16.12039 | F49: 16.220505 | G49: 15.934523 | H49: 800 | I49: =H49*0.00689476 -> 5.515808 | J49: Gas-inflow | K49: LOAD
A50: F7292H | B50: 5055.75 | C50: BR 1-BRSA-1045-SPS | D50: 18.32129 | E50: 15.32188 | F50: 16.220505 | G50: 15.806226 | H50: 1200 | I50: =H50*0.00689476 -> 8.273712 | J50: Gas-inflow | K50: LOAD
A51: F7292H | B51: 5055.75 | C51: BR 1-BRSA-1045-SPS | D51: 18.09193 | E51: 15.4623 | F51: 16.220505 | G51: 15.714923 | H51: 1600 | I51: =H51*0.00689476 -> 11.031616 | J51: Gas-inflow | K51: LOAD
A52: F7292H | B52: 5055.75 | C52: BR 1-BRSA-1045-SPS | D52: 18.05035 | E52: 14.93604 | F52: 16.220505 | G52: 15.665319 | H52: 2000 | I52: =H52*0.00689476 -> 13.78952 | J52: Gas-inflow | K52: LOAD
A53: F7292H | B53: 5055.75 | C53: BR 1-BRSA-1045-SPS | D53: 17.73076 | E53: 15.1899 | F53: 16.220505 | G53: 15.614509 | H53: 2400 | I53: =H53*0.00689476 -> 16.547424 | J53: Gas-inflow | K53: LOAD
A54: F7292H | B54: 5055.75 | C54: BR 1-BRSA-1045-SPS | D54: 17.75853 | E54: 14.80909 | F54: 16.220505 | G54: 15.562698 | H54: 2800 | I54: =H54*0.00689476 -> 19.305328 | J54: Gas-inflow | K54: LOAD
A55: F7292H | B55: 5055.75 | C55: BR 1-BRSA-1045-SPS | D55: 17.64027 | E55: 14.83719 | F55: 16.220505 | G55: 15.525511 | H55: 3200 | I55: =H55*0.00689476 -> 22.063232 | J55: Gas-inflow | K55: LOAD
A56: F7292H | B56: 5055.75 | C56: BR 1-BRSA-1045-SPS | D56: 17.62542 | E56: 14.9767 | F56: 16.220505 | G56: 15.51785 | H56: 2800 | I56: =H56*0.00689476 -> 19.305328 | J56: Gas-inflow | K56: UNLOAD
A57: F7292H | B57: 5055.75 | C57: BR 1-BRSA-1045-SPS | D57: 17.73138 | E57: 14.85457 | F57: 16.220505 | G57: 15.536096 | H57: 2400 | I57: =H57*0.00689476 -> 16.547424 | J57: Gas-inflow | K57: UNLOAD
A58: F7292H | B58: 5055.75 | C58: BR 1-BRSA-1045-SPS | D58: 17.64883 | E58: 15.43191 | F58: 16.220505 | G58: 15.54716 | H58: 2000 | I58: =H58*0.00689476 -> 13.78952 | J58: Gas-inflow | K58: UNLOAD
A59: F7292H | B59: 5055.75 | C59: BR 1-BRSA-1045-SPS | D59: 17.92851 | E59: 15.10476 | F59: 16.220505 | G59: 15.562992 | H59: 1600 | I59: =H59*0.00689476 -> 11.031616 | J59: Gas-inflow | K59: UNLOAD
... A137: F7297H | B137: 5056.95 | C137: BR 1-BRSA-1045-SPS | D137: 110.8613 | E137: 102.239 | F137: 9.6542884 | G137: 9.2223742 | H137: 400 | I137: =H137*0.00689476 -> 2.757904 | J137: Gas-inflow | K137: UNLOAD
H138: 9.6542884 | M138: 8.9655379 | N138: 1600 | O138: =N138*0.00689476 -> 11.031616
H139: 9.6542884 | M139: 9.0021411 | N139: 1200 | O139: =N139*0.00689476 -> 8.273712
H140: 9.6542884 | M140: 9.0918192 | N140: 800 | O140: =N140*0.00689476 -> 5.515808
H141: 9.6542884 | M141: 9.2223742 | N141: 400 | O141: =N141*0.00689476 -> 2.757904
A623: A15 | C623: Morro do Chaves Fm. | D623: 0.2865055 | E623: 0.156377 | F623: 4.17 | G623: 4.0338956 | H623: 700 | I623: 4.826332 | J623: Gas-inflow | K623: LOAD
A624: A15 | C624: Morro do Chaves Fm. | D624: 0.2009538 | E624: 0.09391106 | F624: 4.17 | G624: 3.7929016 | H624: 1200 | I624: 8.273712 | J624: Gas-inflow | K624: LOAD
A625: A15 | C625: Morro do Chaves Fm. | D625: 0.1494197 | E625: 0.06828867 | F625: 4.17 | G625: 3.6126903 | H625: 1700 | I625: 11.721092 | J625: Gas-inflow | K625: LOAD
A626: A15 | C626: Morro do Chaves Fm. | D626: 0.1187036 | E626: 0.0484 | F626: 4.17 | G626: 3.4829902 | H626: 2200 | I626: 15.168472 | J626: Gas-inflow | K626: LOAD
A627: A15 | C627: Morro do Chaves Fm. | D627: 0.09582828 | E627: 0.041 | F627: 4.17 | G627: 3.3673752 | H627: 2700 | I627: 18.615852 | J627: Gas-inflow | K627: LOAD
A628: A15 | C628: Morro do Chaves Fm. | D628: 0.08629194 | E628: 0.0384 | F628: 4.17 | G628: 3.3191642 | H628: 3000 | I628: 20.68428 | J628: Gas-inflow | K628: LOAD
A629: A15 | C629: Morro do Chaves Fm. | D629: 0.08127606 | E629: 0.0355 | F629: 4.17 | G629: 3.2736824 | H629: 3200 | I629: 22.063232 | J629: Gas-inflow | K629: LOAD
A630: A15 | C630: Morro do Chaves Fm. | D630: 0.06979898 | E630: 0.0278 | F630: 4.17 | G630: 3.2218335 | H630: 3700 | I630: 25.510612 | J630: Gas-inflow | K630: LOAD
A631: A15 | C631: Morro do Chaves Fm. | D631: 0.06390655 | E631: 0.0264 | F631: 4.17 | G631: 3.1851973 | H631: 4000 | I631: 27.57904 | J631: Gas-inflow | K631: LOAD
A632: A15 | C632: Morro do Chaves Fm. | D632: 0.06081872 | E632: 0.02374801 | F632: 4.17 | G632: 3.1516166 | H632: 4200 | I632: 28.957992 | J632: Gas-inflow | K632: LOAD
A633: A15 | C633: Morro do Chaves Fm. | D633: 0.06093189 | E633: 0.02314503 | F633: 4.17 | G633: 3.1217736 | H633: 4000 | I633: 27.57904 | J633: Gas-inflow | K633: UNLOAD
A634: A15 | C634: Morro do Chaves Fm. | D634: 0.06135893 | E634: 0.02455027 | F634: 4.17 | G634: 3.1141876 | H634: 3700 | I634: 25.510612 | J634: Gas-inflow | K634: UNLOAD
... A1103: R13-3 | C1103: Morro do Chaves Fm. | D1103: 0.8136 | E1103: 0.5541 | F1103: 8.4192633 | G1103: 8.0442448 | H1103: 700 | I1103: 4.826332 | J1103: Gas-inflow | K1103: UNLOAD
A1104: ELS1 | C1104: Lagoa Salgada | D1104: 832.42±0.59 | J1104: Gas-inflow | K1104: Perg-200
A1105: Estr.cimen2 | C1105: Lagoa Salgada | D1105: 201.43±0.59 | J1105: Gas-inflow | K1105: Perg-200
A1106: Estr.cimen3 | C1106: Lagoa Salgada | D1106: 160.68±0.59 | J1106: Gas-inflow | K1106: Perg-200

Sheet Mineralogy
A2: Sample | B2: Depth (m) | C2: Well / Location | D2: Mineral Bulk Modulus (GPa) | E2: Mineral Shear Modulus (GPa) | F2: Mineral Bulk Density (g/cm³) | G2: Calcite (%) | H2: Quartz (%) | I2: Dolomite (%) | J2: Aragonite (%) | K2: K Feldspar (%) | L2: Albite (%) | M2: Dawsonite (%) | N2: Hematite(%) | O2: Pyrite (%) | P2: Kaolinite (%) | Q2: Illite (%) | R2: Montmorillinite (%) | S2: Vermiculite (%) | T2: Fluorite (%) | U2: Magnesite (%) | V2: Clay Minerals (%) | W2: Observation
A3: F7285V | B3: 5054.2 | C3: BR 1-BRSA-1045-SPS | D3: 54.556 | E3: 46.351 | F3: 2.761 | G3: 4.98 | H3: 46.06 | I3: 48.96
A4: F7286H | B4: 5054.3 | C4: BR 1-BRSA-1045-SPS | D4: 76.228 | E4: 49.342 | F4: 2.867 | G4: 1.45 | H4: 0.15 | I4: 98.4
A5: F7287H | B5: 5054.55 | C5: BR 1-BRSA-1045-SPS | D5: 69.725 | E5: 33.041 | F5: 2.724 | G5: 86 | H5: 3.7 | I5: 10.29
A6: F7288H | B6: 5054.8 | C6: BR 1-BRSA-1045-SPS | D6: 52.717 | E6: 43.953 | F6: 2.735 | G6: 15.34 | H6: 49.88 | I6: 34.77
A7: F7289H | B7: 5055.1 | C7: BR 1-BRSA-1045-SPS | D7: 66.516 | E7: 33.868 | F7: 2.72 | G7: 79.31 | H7: 10.63 | I7: 10.06
A8: F7290V | B8: 5055.2 | C8: BR 1-BRSA-1045-SPS | D8: 56.705 | E8: 42.458 | F8: 2.745 | G8: 25.09 | H8: 38.41 | I8: 36.5
A9: F7291H | B9: 5055.4 | C9: BR 1-BRSA-1045-SPS | D9: 50.909 | E9: 46.986 | F9: 2.746 | G9: 0 | H9: 56.53 | I9: 43.47
A10: F7292H | B10: 5055.75 | C10: BR 1-BRSA-1045-SPS | D10: 59.604 | E10: 37.271 | F10: 2.72 | G10: 55.17 | H10: 28.23 | I10: 16.61
A11: F7293H | B11: 5056.1 | C11: BR 1-BRSA-1045-SPS | D11: 55.318 | E11: 39.11 | F11: 2.714 | G11: 42.3 | H11: 40.15 | I11: 17.55
A12: F7294H | B12: 5056.4 | C12: BR 1-BRSA-1045-SPS | D12: 63.785 | E12: 37.44 | F12: 2.739 | G12: 56.26 | H12: 18.64 | I12: 25.11
A13: F7295V | B13: 5056.5 | C13: BR 1-BRSA-1045-SPS | D13: 67.438 | E13: 36.422 | F13: 2.745 | G13: 63.96 | H13: 10.27 | I13: 25.77
A14: F7296H | B14: 5056.65 | C14: BR 1-BRSA-1045-SPS | D14: 67.289 | E14: 38.024 | F14: 2.757 | G14: 54.46 | H14: 11.49 | I14: 34.04
A15: F7297H | B15: 5056.95 | C15: BR 1-BRSA-1045-SPS | D15: 61.756 | E15: 39.238 | F15: 2.745 | G15: 44.98 | H15: 24.27 | I15: 30.75
A16: F2829V | B16: 5206 | C16: BR 3-BRSA-861-SPS | D16: 67.39 | E16: 34.137 | F16: 2.725 | G16: 78 | H16: 9 | I16: 13 | W16: Perforation data
A17: F2830H | B17: 5206.05 | C17: BR 3-BRSA-861-SPS | D17: 59.534 | E17: 36.616 | F17: 2.714 | G17: 59 | H17: 28 | I17: 13 | W17: Perforation data
A18: F2846H | B18: 5210.05 | C18: BR 3-BRSA-861-SPS | D18: 69.373 | E18: 35.727 | F18: 2.746 | G18: 69 | H18: 6 | I18: 25 | W18: Perforation data
A19: F2852H | B19: 5211.4 | C19: BR 3-BRSA-861-SPS | D19: 62.011 | E19: 41.654 | F19: 2.764 | G19: 32 | H19: 25 | I19: 43 | V19: TR | W19: Perforation data
A20: F2853H | B20: 5211.8 | C20: BR 3-BRSA-861-SPS | D20: 69.28 | E20: 45.92 | F20: 2.8 | G20: 2 | H20: 34 | I20: 56 | U20: C | W20: Perforation data
A21: F2854H | B21: 5212.05 | C21: BR 3-BRSA-861-SPS | D21: 69.373 | E21: 35.727 | F21: 2.746 | G21: 69 | H21: 6 | I21: 25 | W21: Perforation data
A22: F2855V | B22: 5212.15 | C22: BR 3-BRSA-861-SPS | D22: 67.024 | E22: 36.219 | F22: 2.742 | G22: 65 | H22: 11 | I22: 24 | W22: Perforation data
A23: F2857H | B23: 5212.7 | C23: BR 3-BRSA-861-SPS | D23: 65.891 | E23: 37.31 | F23: 2.746 | G23: 58 | H23: 14 | I23: 28 | W23: Perforation data
A24: F2858V | B24: 5212.75 | C24: BR 3-BRSA-861-SPS | D24: 68.921 | E24: 34.243 | F24: 2.732 | G24: 78 | H24: 6 | I24: 16 | M24: TR | W24: Perforation data
A25: F2859H | B25: 5212.9 | C25: BR 3-BRSA-861-SPS | D25: 63.816 | E25: 36.472 | F25: 2.731 | G25: 62 | H25: 18 | I25: 20 | W25: Perforation data
A26: F2868H | B26: 5215.2 | C26: BR 3-BRSA-861-SPS | D26: 67.864 | E26: 37.46 | F26: 2.755 | G26: 58 | H26: 10 | I26: 32 | W26: Perforation data
A27: F2870H | B27: 5215.55 | C27: BR 3-BRSA-861-SPS | D27: 69.222 | E27: 35.227 | F27: 2.742 | G27: 72 | H27: 6 | I27: 22 | W27: Perforation data
A28: F2880H | B28: 5218.25 | C28: BR 3-BRSA-861-SPS | D28: 66.867 | E28: 37.385 | F28: 2.751 | G28: 58 | H28: 12 | I28: 30 | W28: Perforation data
A29: F2889H | B29: 5220.2 | C29: BR 3-BRSA-861-SPS | D29: 65.076 | E29: 37.76 | F29: 2.747 | G29: 55 | H29: 16 | I29: 29 | W29: Perforation data
A30: F2900V | B30: 5220.6 | C30: BR 3-BRSA-861-SPS | D30: 68.045 | E30: 39.939 | F30: 2.775 | G30: 44 | H30: 11 | I30: 45 | W30: Perforation data
A31: F2901H | B31: 5223.5 | C31: BR 3-BRSA-861-SPS | D31: 67.192 | E31: 40.419 | F31: 2.776 | G31: 41 | H31: 13 | I31: 46 | W31: Perforation data
A32: F2908H | B32: 5225.25 | C32: BR 3-BRSA-861-SPS | D32: 65.162 | E32: 43.683 | F32: 2.791 | G32: 23 | H32: 18 | I32: 58 | K32: 1 | W32: Perforation data
A33: F2909V | B33: 5225.35 | C33: BR 3-BRSA-861-SPS | D33: 68.441 | E33: 44.375 | F33: 2.808 | G33: 21 | H33: 10 | I33: 66.5 | K33: 2.5 | W33: Perforation data
A34: F2910H | B34: 5225.7 | C34: BR 3-BRSA-861-SPS | D34: 69.325 | E34: 37.072 | F34: 2.758 | G34: 60 | H34: 5 | I34: 33 | K34: 2 | W34: Perforation data
A35: F2911V | B35: 5225.75 | C35: BR 3-BRSA-861-SPS | D35: 67.07 | E35: 38.017 | F35: 2.757 | G35: 54 | H35: 11 | I35: 34 | K35: 1 | W35: Perforation data
A36: F2913H | B36: 5226.7 | C36: BR 3-BRSA-861-SPS | D36: 71.496193 | E36: 36.348916 | F36: 2.7522439 | G36: 48 | H36: 13 | I36: 36 | K36: 2 | M36: 1 | O36: TR | W36: Perforation data
A37: F2914H | B37: 5227 | C37: BR 3-BRSA-861-SPS | D37: 73.1 | E37: 37.7 | F37: 2.76 | G37: 36 | H37: 13 | I37: 46 | K37: 3 | M37: 2 | O37: TR | W37: Perforation data
A38: F2916H | B38: 5227.35 | C38: BR 3-BRSA-861-SPS | D38: 70.31 | E38: 37.69 | F38: 2.76 | G38: 41 | H38: 18 | I38: 40 | M38: 1 | W38: Perforation data
A39: F2919V | B39: 5228.2 | C39: BR 3-BRSA-861-SPS | D39: 68.702 | E39: 34.048 | F39: 2.729 | G39: 78 | H39: 6 | I39: 15 | K39: 1 | W39: Perforation data
A40: F2928V | B40: 5230.5 | C40: BR 3-BRSA-861-SPS | D40: 69.621 | E40: 34.85 | F40: 2.74 | G40: 74.5 | H40: 5 | I40: 20.5 | W40: Perforation data
A41: F2930H | B41: 5231.3 | C41: BR 3-BRSA-861-SPS | D41: 65.672 | E41: 39.674 | F41: 2.768 | G41: 44 | H41: 16 | I41: 39 | T41: 1 | W41: Perforation data
A42: F2934V | B42: 5232.05 | C42: BR 3-BRSA-861-SPS | D42: 83.55 | E42: 44.69 | F42: 2.84 | G42: 1 | H42: 12 | I42: 86 | U42: 1 | W42: Perforation data
A43: F2935H | B43: 5232.25 | C43: BR 3-BRSA-861-SPS | D43: 72.76 | E43: 43.77 | F43: 2.8 | G43: 12 | H43: 25 | I43: 57 | U43: 6 | W43: Perforation data
A44: F2936H | B44: 5232.55 | C44: BR 3-BRSA-861-SPS | D44: 70.96 | E44: 41.97 | F44: 2.79 | G44: 19 | H44: 25 | I44: 53 | U44: 3 | W44: Perforation data
A45: COD-SA-01-AH | C45: Codó Fm. | D45: 70.98 | E45: 31.005 | F45: 2.71 | G45: 99.96 | H45: 0.04
A46: COD-SA-01-AV | C46: Codó Fm. | D46: 70.896 | E46: 31.025 | F46: 2.71 | G46: 99.79 | H46: 0.21
A47: COD-SA-01-BH | C47: Codó Fm. | D47: 70.912079 | E47: 29.998801 | F47: 2.7097509 | G47: 99.84 | H47: 0.05 | R47: 0.1
A48: COD-SA-01-BV | C48: Codó Fm. | D48: 70.965 | E48: 31.008 | F48: 2.71 | G48: 99.93 | H48: 0.07
A49: COD-SA-01-CH | C49: Codó Fm. | D49: 70.856 | E49: 31.034 | F49: 2.71 | G49: 99.71 | H49: 0.29
A50: COD-SA-01-CV | C50: Codó Fm. | F50: 0 | G50: 99.86 | H50: 0 | R50: 0.14
A51: COD-SA-01-DH | C51: Codó Fm. | D51: 70.858537 | E51: 30.004916 | F51: 2.7096427 | G51: 99.75 | H51: 0.12 | R51: 0.13
A52: COD-SA-01-DV | C52: Codó Fm. | D52: 70.871 | E52: 31.031 | F52: 2.71 | G52: 99.74 | H52: 0.26
A53: COD-AS-01-EH | C53: Codó Fm. | F53: 0 | G53: 99.89 | H53: 0.08 | R53: 0.03
A54: COD-AS-01-EV | C54: Codó Fm. | F54: 0 | G54: 99.88 | H54: 0.11 | R54: 0.01
A55: COD-AS-01-FH | C55: Codó Fm. | D55: 70.931 | E55: 31.017 | F55: 2.71 | G55: 99.86 | H55: 0.14
A56: GRA-BAR-01-AH | C56: Codó Fm. | F56: 0 | G56: 98.06 | H56: 1.81 | R56: 0.12
A57: GRA-BAR-01-AV | C57: Codó Fm. | D57: 70.955 | E57: 31.011 | F57: 2.71 | G57: 99.91 | H57: 0.09
A58: GRA-BAR-01-BH | C58: Codó Fm. | D58: 70.165 | E58: 31.201 | F58: 2.709 | G58: 98.3 | H58: 1.7
A59: GRA-BAR-01-BV | C59: Codó Fm. | D59: 69.417 | E59: 30.55 | F59: 2.708 | G59: 97.69 | H59: 1.11 | R59: 1.21
A60: GRA-BAR-01-CH | C60: Codó Fm. | D60: 69.981 | E60: 31.247 | F60: 2.709 | G60: 97.92 | H60: 2.08
A61: GRA-BAR-01-CV | C61: Codó Fm. | G61: 94.36 | H61: 1.79 | S61: 3.85
A62: GRA-BAR-01-DH | C62: Codó Fm. | D62: 70.709 | E62: 30.874 | F62: 2.71 | G62: 99.63 | H62: 0.09 | R62: 0.28
A63: GRA-BAR-01-DV | C63: Codó Fm. | D63: 70.384 | E63: 31.148 | F63: 2.709 | G63: 98.75 | H63: 1.25
A64: GRA-BAR-01-EH | C64: Codó Fm. | D64: 70.777 | E64: 31.053 | F64: 2.71 | G64: 99.55 | H64: 0.45
A65: GRA-BAR-01-EV | C65: Codó Fm. | D65: 70.195035 | E65: 30.186617 | F65: 2.7089637 | G65: 98.37 | H65: 1.6 | R65: 0.03
A66: GRA-BAR-01-FH | C66: Codó Fm. | D66: 70.678 | E66: 30.834 | F66: 2.71 | G66: 99.62 | H66: 0.03 | R66: 0.35
A67: GRA-BAR-01-FV | C67: Codó Fm. | G67: 98.45 | H67: 0.51 | S67: 1.04
A68: GRA-BAR-01-GH | C68: Codó Fm. | G68: 98.82 | H68: 1.14 | S68: 0.04
A69: GRA-BAR-01-GV | C69: Codó Fm. | G69: 99.14 | H69: 0.82 | S69: 0.05
A70: A15 | C70: Morro do Chaves Fm.
A71: A17 | C71: Morro do Chaves Fm. | D71: 70.588235 | E71: 31.08293 | F71: 2.713426 | G71: 98.76 | H71: 0.79 | K71: 0.27 | N71: 0.17 | Q71: 0.01
A72: A18 | C72: Morro do Chaves Fm.
A73: A18-1 | C73: Morro do Chaves Fm. | D73: 70.797053 | E73: 31.048496 | F73: 2.709754 | G73: 99.59 | H73: 0.41
A74: A18-2 | C74: Morro do Chaves Fm. | D74: 70.703344 | E74: 31.070987 | F74: 2.70964 | G74: 99.4 | H74: 0.6
A75: A18-3 | C75: Morro do Chaves Fm. | D75: 70.895927 | E75: 31.024833 | F75: 2.709874 | G75: 99.79 | H75: 0.21
A76: Coq 101 | C76: Morro do Chaves Fm. | D76: 74.2836 | E76: 35.72026 | F76: 2.86834 | G76: 90.65 | H76: 1.39 | K76: 0.74 | O76: 7.22
A77: Coq 10A | C77: Morro do Chaves Fm. | D77: 69.859863 | E77: 31.214297 | F77: 2.710544 | G77: 97.39 | H77: 1.72 | K77: 0.62 | O77: 0.11 | Q77: 0.16
A78: Coq 10B | C78: Morro do Chaves Fm. | D78: 71.090836 | E78: 31.48143 | F78: 2.72431 | G78: 98.77 | H78: 0.57 | O78: 0.66
A79: Coq 112-1 | C79: Morro do Chaves Fm. | D79: 59.724703 | E79: 29.579258 | F79: 2.708543 | G79: 85.03 | H79: 2.79 | K79: 4.63 | O79: 0.19 | Q79: 7.36
A80: Coq 112-2 | C80: Morro do Chaves Fm. | D80: 69.464017 | E80: 31.218 | F80: 2.707003 | G80: 95.79 | H80: 2.39 | K80: 1.73 | N80: 0.04 | Q80: 0.05
A81: Coq 112-3 | C81: Morro do Chaves Fm. | D81: 70.377179 | E81: 31.960814 | F81: 2.733247 | G81: 95.8 | H81: 2.22 | K81: 0.79 | O81: 1.16 | Q81: 0.03
A82: Coq 112-4 | C82: Morro do Chaves Fm. | D82: 70.663363 | E82: 31.583701 | F82: 2.724505 | G82: 97.1 | H82: 1.2 | K82: 0.95 | O82: 0.75
A83: Coq 18-1 | C83: Morro do Chaves Fm. | D83: 70.423487 | E83: 31.138526 | F83: 2.709298 | G83: 98.83 | H83: 1.17
A84: Coq 18-2 | C84: Morro do Chaves Fm. | D84: 69.990279 | E84: 31.244179 | F84: 2.708764 | G84: 97.94 | H84: 2.06
A85: Coq 18-3 | C85: Morro do Chaves Fm. | D85: 70.262329 | E85: 31.177672 | F85: 2.7091 | G85: 98.5 | H85: 1.5
A86: Coq 18-4 | C86: Morro do Chaves Fm. | D86: 70.511657 | E86: 31.117187 | F86: 2.709406 | G86: 99.01 | H86: 0.99
A87: Coq 2 | C87: Morro do Chaves Fm. | D87: 69.748749 | E87: 31.495314 | F87: 2.71384 | G87: 96.9 | H87: 2.85 | O87: 0.25
A88: Coq 3 | C88: Morro do Chaves Fm. | D88: 60.14933 | E88: 31.014293 | F88: 2.709081 | G88: 86.46 | H88: 11.19 | K88: 1.25 | O88: 0.6 | P88: 0.5
A89: Coq 9 | C89: Morro do Chaves Fm. | D89: 69.404883 | E89: 31.350737 | F89: 2.707366 | G89: 96.39 | H89: 3.09 | K89: 0.52
A90: G32 | C90: Morro do Chaves Fm. | D90: 70.705396 | E90: 31.199897 | F90: 2.713673 | G90: 98.85 | H90: 0.71 | K90: 0.23 | O90: 0.2 | Q90: 0.01
A91: G39-1 | C91: Morro do Chaves Fm. | D91: 57.75847 | E91: 30.758623 | F91: 2.696997 | G91: 76.73 | H91: 11.69 | K91: 5.59 | Q91: 5.99
A92: G39-2 | C92: Morro do Chaves Fm. | D92: 61.812541 | E92: 31.70024 | F92: 2.719942 | G92: 83.56 | H92: 9.98 | K92: 1.78 | L92: 0.23 | O92: 0.78 | Q92: 3.67
A93: JB5-1 | C93: Morro do Chaves Fm.
A94: JB5-2 | C94: Morro do Chaves Fm. | D94: 71.669685 | E94: 37.544838 | F94: 2.898547 | G94: 80.24 | H94: 7.8 | K94: 3.05 | O94: 8.91
A95: R12 | C95: Morro do Chaves Fm. | D95: 70.900876 | E95: 31.02365 | F95: 2.70988 | G95: 99.8 | H95: 0.2
A96: R13-1 | C96: Morro do Chaves Fm. | D96: 70.000135 | E96: 31.101861 | F96: 2.712869 | G96: 98.49 | H96: 0.91 | K96: 0.05 | O96: 0.15 | Q96: 0.4
A97: R13-2 | C97: Morro do Chaves Fm. | D97: 70.635502 | E97: 31.510784 | F97: 2.722903 | G97: 97.87 | H97: 1.17 | K97: 0.27 | O97: 0.63 | Q97: 0.06
A98: R13-3 | C98: Morro do Chaves Fm. | D98: 70.033383 | E98: 31.108142 | F98: 2.717655 | G98: 97.08 | H98: 1.2 | K98: 1.27 | O98: 0.43 | Q98: 0.02
A99: A1-LS | C99: Lagoa Salgada | D99: 70.25 | E99: 44.14 | F99: 2.82 | H99: 23.98 | I99: 66.7 | J99: 9.3
A100: A2-LS | C100: Lagoa Salgada | D100: 63.4 | E100: 32.02 | F100: 2.7 | G100: 82.75 | H100: 15.74 | J100: 1.52
A101: A3-LS | C101: Lagoa Salgada | D101: 67.98 | E101: 30.75 | F101: 2.71 | G101: 93.57 | H101: 6.02 | J101: 0.42
...

Sheet Velocity
G1: Dry Velocities | T1: Brine Saturated Velocities
H2: Z-Axis | J2: X-Axis | L2: Y-Axis | N2: Elastic properties results | U2: Z-Axis | W2: X-Axis | Y2: Y-Axis | AA2: Fluid Properties for Saturated Measurements
A3: Sample | B3: Depth (m) | C3: Well / Location | D3: P- Frequency (MHz) | E3: S- Frequency (MHz) | F3: Velocity Test Type | G3: Load Pressure (MPa) | H3: VP (Km/s) | I3: VS (Km/s) | J3: VP (Km/s) | K3: VS (Km/s) | L3: VP (Km/s) | M3: VS (Km/s) | N3: Bulk density (g/cm3) | O3: E (GPa) | P3: R. Poisson | Q3: G (GPa) | R3: K (GPa) | S3: Cb (1/GPa) | T3: Load Pressure (MPa) | U3: VP (Km/s) | V3: VS (Km/s) | W3: VP (Km/s) | X3: VS (Km/s) | Y3: VP (Km/s) | Z3: VS (Km/s) | AA3: Fluid Type | AB3: Fluid Density (g/cm³) | AC3: Fluid Bulk Modulus (GPa) | AD3: Fluid VP (Km/s) | AE3: Fluid Temperature (°C) | AF3: Fluid Salinity (ppm) | AG3: Observation
A4: F7289H | B4: 5055.1 | C4: BR 1-BRSA-1045-SPS | D4: 1.2 | E4: 0.9 | F4: Transmission | G4: 0 | H4: 4.729718 | I4: 2.6577791 | N4: 2.363087 | O4: 42.373675 | P4: 0.26925436 | Q4: 16.69235 | R4: 30.606338 | S4: 0.032672971
A5: F7289H | B5: 5055.1 | C5: BR 1-BRSA-1045-SPS | D5: 1.2 | E5: 0.9 | F5: Transmission | G5: 5.5 | H5: 4.8005284 | I5: 2.7259968 | J5: 4.404 | K5: 2.661 | L5: 4.329 | M5: 2.569 | N5: 2.3672509 | O5: 44.401504 | P5: 0.26203882 | Q5: 17.59118 | R5: 31.098562 | S5: 0.032155827 | T5: 5.5 | U5: 5.0009174 | V5: 2.6870915
A6: F7289H | B6: 5055.1 | C6: BR 1-BRSA-1045-SPS | D6: 1.2 | E6: 0.9 | F6: Transmission | G6: 8.3 | H6: 4.9622212 | I6: 2.8134134 | J6: 4.664 | K6: 2.676 | L6: 4.404 | M6: 2.612 | N6: 2.3683688 | O6: 47.358252 | P6: 0.26313348 | Q6: 18.746337 | R6: 33.322743 | S6: 0.030009535 | T6: 8.3 | U6: 5.1327684 | V6: 2.7714306
A7: F7289H | B7: 5055.1 | C7: BR 1-BRSA-1045-SPS | D7: 1.2 | E7: 0.9 | F7: Transmission | G7: 11 | H7: 5.0683403 | I7: 2.8912396 | J7: 4.687 | K7: 2.7 | L7: 4.676 | M7: 2.662 | N7: 2.3691881 | O7: 49.860421 | P7: 0.25880433 | Q7: 19.804675 | R7: 34.453645 | S7: 0.029024505 | T7: 11 | U7: 5.231286 | V7: 2.836201
A8: F7289H | B8: 5055.1 | C8: BR 1-BRSA-1045-SPS | D8: 1.2 | E8: 0.9 | F8: Transmission | G8: 13.8 | H8: 5.1594889 | I8: 2.9619614 | J8: 4.752 | K8: 2.727 | L8: 4.716 | M8: 2.695 | N8: 2.3698948 | O8: 52.154136 | P8: 0.25421189 | Q8: 20.791597 | R8: 35.365241 | S8: 0.028276352 | T8: 13.8 | U8: 5.3025292 | V8: 2.9008782
A9: F7289H | B9: 5055.1 | C9: BR 1-BRSA-1045-SPS | D9: 1.2 | E9: 0.9 | F9: Transmission | G9: 16.5 | H9: 5.2237662 | I9: 3.0056307 | J9: 5.009 | K9: 2.757 | L9: 4.957 | M9: 2.727 | N9: 2.3704595 | O9: 53.645007 | P9: 0.25255129 | Q9: 21.414295 | R9: 36.132072 | S9: 0.027676243 | T9: 16.5 | U9: 5.3493621 | V9: 2.9492863
A10: F7289H | B10: 5055.1 | C10: BR 1-BRSA-1045-SPS | D10: 1.2 | E10: 0.9 | F10: Transmission | G10: 19.3 | H10: 5.2948033 | I10: 3.0422466 | J10: 5.138 | K10: 2.787 | L10: 4.989 | M10: 2.751 | N10: 2.3711827 | O10: 55.022069 | P10: 0.25358299 | Q10: 21.945922 | R10: 37.21474 | S10: 0.026871073 | T10: 19.3 | U10: 5.3916914 | V10: 2.99828
A11: F7289H | B11: 5055.1 | C11: BR 1-BRSA-1045-SPS | D11: 1.2 | E11: 0.9 | F11: Transmission | G11: 22.1 | H11: 5.3362702 | I11: 3.0665033 | J11: 5.173 | K11: 2.803 | L11: 5.049 | M11: 2.776 | N11: 2.371649 | O11: 55.909361 | P11: 0.25347955 | Q11: 22.301665 | R11: 37.799002 | S11: 0.026455725 | T11: 22.1 | U11: 5.4184891 | V11: 3.0281914
A12: F7290V | B12: 5055.2 | C12: BR 1-BRSA-1045-SPS | D12: 1.2 | E12: 0.9 | F12: Transmission | G12: 0 | H12: 3.6789513 | I12: 2.2293616 | N12: 2.3657093 | O12: 28.45011 | P12: 0.20985007 | Q12: 11.757701 | R12: 16.342189 | S12: 0.061191313
A13: F7290V | B13: 5055.2 | C13: BR 1-BRSA-1045-SPS | D13: 1.2 | E13: 0.9 | F13: Transmission | G13: 5.5 | H13: 4.0851414 | I13: 2.3807308 | J13: 3.647 | K13: 2.134 | L13: 3.661 | M13: 2.034 | N13: 2.3768991 | O13: 33.487251 | P13: 0.24284839 | Q13: 13.471977 | R13: 21.703961 | S13: 0.04607454 | T13: 5.5 | U13: 4.3824396 | V13: 2.3913804 | W13: 4.365 | X13: 2.563 | Y13: 4.375 | Z13: 2.566 | AA13: BFW Brine | AB13: 1.201 | AC13: 3.47 | AE13: 22 | AF13: 17027
A14: F7290V | B14: 5055.2 | C14: BR 1-BRSA-1045-SPS | D14: 1.2 | E14: 0.9 | F14: Transmission | G14: 8.3 | H14: 4.4733835 | I14: 2.5863554 | J14: 3.993 | K14: 2.373 | L14: 3.927 | M14: 2.279 | N14: 2.3790219 | O14: 39.750815 | P14: 0.2489389 | Q14: 15.913835 | R14: 26.38854 | S14: 0.037895237 | T14: 8.3 | U14: 4.6106634 | V14: 2.520606 | AA14: BFW Brine | AB14: 1.201 | AC14: 3.47 | AE14: 22 | AF14: 17027
A15: F7290V | B15: 5055.2 | C15: BR 1-BRSA-1045-SPS | D15: 1.2 | E15: 0.9 | F15: Transmission | G15: 11 | H15: 4.6788298 | I15: 2.6978607 | J15: 4.421 | K15: 2.521 | L15: 4.4 | M15: 2.426 | N15: 2.3800109 | O15: 43.340236 | P15: 0.25095961 | Q15: 17.322796 | R15: 29.004824 | S15: 0.034477024 | T15: 11 | U15: 4.7826367 | V15: 2.6341038 | W15: 4.718 | X15: 2.705 | Y15: 4.712 | Z15: 2.77 | AA15: BFW Brine | AB15: 1.201 | AC15: 3.47 | AE15: 22 | AF15: 17027
A16: F7290V | B16: 5055.2 | C16: BR 1-BRSA-1045-SPS | D16: 1.2 | E16: 0.9 | F16: Transmission | G16: 13.8 | H16: 4.7872546 | I16: 2.7730775 | J16: 4.741 | K16: 2.737 | L16: 4.689 | M16: 2.617 | N16: 2.3809705 | O16: 45.68249 | P16: 0.24750342 | Q16: 18.309565 | R16: 30.153868 | S16: 0.033163242 | T16: 13.8 | U16: 4.9121532 | V16: 2.7199679 | AA16: BFW Brine | AB16: 1.201 | AC16: 3.47 | AE16: 22 | AF16: 17027
A17: F7290V | B17: 5055.2 | C17: BR 1-BRSA-1045-SPS | D17: 1.2 | E17: 0.9 | F17: Transmission | G17: 16.5 | H17: 4.8751229 | I17: 2.8275993 | J17: 4.984 | K17: 2.86 | L17: 4.939 | M17: 2.659 | N17: 2.3817921 | O17: 47.475669 | P17: 0.24652649 | Q17: 19.043185 | R17: 31.21672 | S17: 0.032034115 | T17: 16.5 | U17: 5.0047106 | V17: 2.7722672 | W17: 4.939 | X17: 2.8905 | Y17: 4.901 | Z17: 2.815 | AA17: BFW Brine | AB17: 1.201 | AC17: 3.47 | AE17: 22 | AF17: 17027
A18: F7290V | B18: 5055.2 | C18: BR 1-BRSA-1045-SPS | D18: 1.2 | E18: 0.9 | F18: Transmission | G18: 19.3 | H18: 4.926797 | I18: 2.8682447 | J18: 5.004 | K18: 2.885 | L18: 5.024 | M18: 2.756 | N18: 2.3823491 | O18: 48.749288 | P18: 0.24365665 | Q18: 19.599175 | R18: 31.695308 | S18: 0.031550411 | T18: 19.3 | U18: 5.0591837 | V18: 2.8124208 | AA18: BFW Brine | AB18: 1.201 | AC18: 3.47 | AE18: 22 | AF18: 17027
A19: F7290H | B19: 5055.2 | C19: BR 1-BRSA-1045-SPS | D19: 1.2 | E19: 0.9 | F19: Transmission | G19: 22.1 | H19: 4.9563479 | I19: 2.8837491 | J19: 5.057 | K19: 2.902 | L19: 5.084 | M19: 2.865 | N19: 2.3825987 | O19: 49.300993 | P19: 0.24411297 | Q19: 19.813712 | R19: 32.11117 | S19: 0.031141811 | T19: 22.1 | U19: 5.0764505 | V19: 2.8441272 | W19: 5.133 | X19: 2.889 | Y19: 5.105 | Z19: 2.965 | AA19: BFW Brine | AB19: 1.201 | AC19: 3.47 | AE19: 22 | AF19: 17027
A20: F7291H | B20: 5055.4 | C20: BR 1-BRSA-1045-SPS | D20: 1.2 | E20: 0.9 | F20: Transmission | G20: 2.8 | H20: 5.4651523 | I20: 3.0910985 | N20: 2.4987941 | O20: 60.396383 | P20: 0.26480849 | Q20: 23.875703 | R20: 42.799436 | S20: 0.023364794
A21: F7291H | B21: 5055.4 | C21: BR 1-BRSA-1045-SPS | D21: 1.2 | E21: 0.9 | F21: Transmission | G21: 5.5 | H21: 5.5745129 | I21: 3.1796837 | J21: 5.887 | K21: 3.513 | L21: 5.814 | M21: 3.435 | N21: 2.4758013 | O21: 63.022456 | P21: 0.25887235 | Q21: 25.031313 | R21: 43.560922 | S21: 0.022956355 | T21: 5.5 | U21: 5.6248672 | V21: 3.0863288 | AA21: BFW Brine | AB21: 1.201 | AC21: 3.47 | AE21: 22 | AF21: 17027
A22: F7291H | B22: 5055.4 | C22: BR 1-BRSA-1045-SPS | D22: 1.2 | E22: 0.9 | F22: Transmission | G22: 8.3 | H22: 5.7005924 | I22: 3.2587542 | N22: 2.5095111 | O22: 67.013032 | P22: 0.25729429 | Q22: 26.6497 | R22: 46.01803 | S22: 0.021730613 | T22: 8.3 | U22: 5.7783843 | V22: 3.2231278 | AA22: BFW Brine | AB22: 1.201 | AC22: 3.47 | AE22: 22 | AF22: 17027
A23: F7291H | B23: 5055.4 | C23: BR 1-BRSA-1045-SPS | D23: 1.2 | E23: 0.9 | F23: Transmission | G23: 11 | H23: 5.8005479 | I23: 3.3269957 | J23: 5.961 | K23: 3.557 | L23: 5.97 | M23: 3.5055 | N23: 2.511397 | O23: 69.76667 | P23: 0.2548683 | Q23: 27.798403 | R23: 47.434822 | S23: 0.021081559 | T23: 11 | U23: 5.9073661 | V23: 3.3109305 | AA23: BFW Brine | AB23: 1.201 | AC23: 3.47 | AE23: 22 | AF23: 17027
A24: F7291H | B24: 5055.4 | C24: BR 1-BRSA-1045-SPS | D24: 1.2 | E24: 0.9 | F24: Transmission | G24: 13.8 | H24: 5.8909293 | I24: 3.3897019 | N24: 2.513983 | O24: 72.359512 | P24: 0.25250735 | Q24: 28.885863 | R24: 48.728391 | S24: 0.020521917 | T24: 13.8 | U24: 6.0147727 | V24: 3.3722545 | AA24: BFW Brine | AB24: 1.201 | AC24: 3.47 | AE24: 22 | AF24: 17027
A25: F7291H | B25: 5055.4 | C25: BR 1-BRSA-1045-SPS | D25: 1.2 | E25: 0.9 | F25: Transmission | G25: 16.5 | H25: 5.9572313 | I25: 3.4320674 | J25: 6.037 | K25: 3.589 | L25: 5.979 | M25: 3.5275 | N25: 2.515102 | O25: 74.158564 | P25: 0.25159582 | Q25: 29.625604 | R25: 49.756654 | S25: 0.020097814 | T25: 16.5 | U25: 6.0769231 | V25: 3.4097208 | AA25: BFW Brine | AB25: 1.201 | AC25: 3.47 | AE25: 22 | AF25: 17027
A26: F7291H | B26: 5055.4 | C26: BR 1-BRSA-1045-SPS | D26: 1.2 | E26: 0.9 | F26: Transmission | G26: 19.3 | H26: 6.0045377 | I26: 3.4625984 | N26: 2.5159773 | O26: 75.467546 | P26: 0.2508904 | Q26: 30.165531 | R26: 50.491528 | S26: 0.019805303 | T26: 19.3 | U26: 6.1261574 | V26: 3.4331892 | AA26: BFW Brine | AB26: 1.201 | AC26: 3.47 | AE26: 22 | AF26: 17027
A27: F7291H | B27: 5055.4 | C27: BR 1-BRSA-1045-SPS | D27: 1.2 | E27: 0.9 | F27: Transmission | G27: 22.1 | H27: 6.0387906 | I27: 3.4836981 | J27: 6.075 | K27: 3.609 | L27: 6.027 | M27: 3.548 | N27: 2.5167261 | O27: 76.395171 | P27: 0.25060144 | Q27: 30.543372 | R27: 51.052936 | S27: 0.019587512 | T27: 22.1 | U27: 6.1475029 | V27: 3.4480343 | AA27: BFW Brine | AB27: 1.201 | AC27: 3.47 | AE27: 22 | AF27: 17027
A28: F7292H | B28: 5055.75 | C28: BR 1-BRSA-1045-SPS | D28: 1.2 | E28: 0.9 | F28: Transmission | G28: 0 | H28: 4.985889 | I28: 2.6483791 | N28: 2.2966033 | O28: 41.993323 | P28: 0.30347879 | Q28: 16.108173 | R28: 35.613902 | S28: 0.028078923
A29: F7292H | B29: 5055.75 | C29: BR 1-BRSA-1045-SPS | D29: 1.2 | E29: 0.9 | F29: Transmission | G29: 5.5 | H29: 5.0766284 | I29: 2.7461339 | J29: 4.623 | K29: 2.51 | L29: 4.551 | M29: 2.487 | N29: 2.3044541 | O29: 44.946764 | P29: 0.29317396 | Q29: 17.378468 | R29: 36.21946 | S29: 0.027609468 | T29: 5.5 | U29: 5.1406402 | V29: 2.7370976 | W29: 5.179 | X29: 3.015 | Y29: 5.158 | Z29: 3.0735 | AA29: BFW Brine | AB29: 1.201 | AC29: 3.47 | AE29: 22 | AF29: 17027
A30: F7292H | B30: 5055.75 | C30: BR 1-BRSA-1045-SPS | D30: 1.2 | E30: 0.9 | F30: Transmission | G30: 8.3 | H30: 5.2216749 | I30: 2.8703425 | J30: 4.692 | K30: 2.544 | L30: 4.703 | M30: 2.55 | N30: 2.3079711 | O30: 48.811506 | P30: 0.28349565 | Q30: 19.015065 | R30: 37.575463 | S30: 0.026613112 | T30: 8.3 | U30: 5.2736318 | V30: 2.8514744 | AA30: BFW Brine | AB30: 1.201 | AC30: 3.47 | AE30: 22 | AF30: 17027
A31: F7292H | B31: 5055.75 | C31: BR 1-BRSA-1045-SPS | D31: 1.2 | E31: 0.9 | F31: Transmission | G31: 11 | H31: 5.3106212 | I31: 2.9658729 | J31: 4.835 | K31: 2.621 | L31: 4.769 | M31: 2.608 | N31: 2.3104739 | O31: 51.759264 | P31: 0.27336215 | Q31: 20.323858 | R31: 38.063121 | S31: 0.026272149 | T31: 11 | U31: 5.3698075 | V31: 2.9286994 | W31: 5.186 | X31: 3.0365 | Y31: 5.236 | Z31: 3.119 | AA31: BFW Brine | AB31: 1.201 | AC31: 3.47 | AE31: 22 | AF31: 17027
A32: F7292H | B32: 5055.75 | C32: BR 1-BRSA-1045-SPS | D32: 1.2 | E32: 0.9 | F32: Transmission | G32: 13.8 | H32: 5.3861789 | I32: 3.0417394 | J32: 4.885 | K32: 2.676 | L32: 4.805 | M32: 2.634 | N32: 2.3118337 | O32: 54.152703 | P32: 0.2658713 | Q32: 21.389498 | R32: 38.549099 | S32: 0.025940944 | T32: 13.8 | U32: 5.4358974 | V32: 2.9938654 | AA32: BFW Brine | AB32: 1.201 | AC32: 3.47 | AE32: 22 | AF32: 17027
A33: F7292H | B33: 5055.75 | C33: BR 1-BRSA-1045-SPS | D33: 1.2 | E33: 0.9 | F33: Transmission | G33: 16.5 | H33: 5.4247697 | I33: 3.0977826 | J33: 4.988 | K33: 2.695 | L33: 4.975 | M33: 2.669 | N33: 2.3132266 | O33: 55.853614 | P33: 0.2580597 | Q33: 22.198316 | R33: 38.476168 | S33: 0.025990114 | T33: 16.5 | U33: 5.4695562 | V33: 3.0540749 | W33: 5.332 | X33: 3.121 | Y33: 5.28 | Z33: 3.167 | AA33: BFW Brine | AB33: 1.201 | AC33: 3.47 | AE33: 22 | AF33: 17027
A34: F7292H | B34: 5055.75 | C34: BR 1-BRSA-1045-SPS | D34: 1.2 | E34: 0.9 | F34: Transmission | G34: 19.3 | H34: 5.4414784 | I34: 3.1398644 | J34: 5.075 | K34: 2.722 | L34: 4.982 | M34: 2.701 | N34: 2.3146468 | O34: 57.068122 | P34: 0.25042329 | Q34: 22.819521 | R34: 38.109941 | S34: 0.026239872 | T34: 19.3 | U34: 5.492228 | V34: 3.1042382 | AA34: BFW Brine | AB34: 1.201 | AC34: 3.47 | AE34: 22 | AF34: 17027
A35: F7292H | B35: 5055.75 | C35: BR 1-BRSA-1045-SPS | D35: 1.2 | E35: 0.9 | F35: Transmission | G35: 22.1 | H35: 5.4526749 | I35: 3.1624038 | J35: 5.123 | K35: 2.751 | L35: 5.116 | M35: 2.718 | N35: 2.3156662 | O35: 57.737392 | P35: 0.24656973 | Q35: 23.158509 | R35: 37.970597 | S35: 0.026336167 | T35: 22.1 | U35: 5.4979253 | V35: 3.1134714 | W35: 5.408 | X35: 3.149 | Y35: 5.431 | Z35: 3.2075 | AA35: BFW Brine | AB35: 1.201 | AC35: 3.47 | AE35: 22 | AF35: 17027
A36: F7293H | B36: 5056.1 | C36: BR 1-BRSA-1045-SPS | D36: 1.2 | E36: 0.9 | F36: Transmission | G36: 5.5 | H36: 5.5348571 | I36: 2.9966391 | J36: 4.696 | K36: 2.46 | L36: 4.661 | M36: 2.626 | N36: 2.3811605 | O36: 55.280451 | P36: 0.29265921 | Q36: 21.382454 | R36: 44.436064 | S36: 0.022504243 | T36: 5.5 | U36: 5.5730725 | V36: 2.677653 | W36: 5.291 | X36: 2.9335 | Y36: 5.212 | Z36: 2.9 | AA36: BFW Brine | AB36: 1.201 | AC36: 3.47 | AE36: 22 | AF36: 17027
A37: F7293H | B37: 5056.1 | C37: BR 1-BRSA-1045-SPS | D37: 1.2 | E37: 0.9 | F37: Transmission | G37: 8.3 | H37: 5.6313953 | I37: 3.1086666 | J37: 4.713 | K37: 2.565 | L37: 4.772 | M37: 2.82 | N37: 2.3839127 | O37: 59.015802 | P37: 0.28085417 | Q37: 23.037674 | R37: 44.883203 | S37: 0.02228005 | T37: 8.3 | U37: 5.6643275 | V37: 2.7994266 | AA37: BFW Brine | AB37: 1.201 | AC37: 3.47 | AE37: 22 | AF37: 17027
A38: F7293H | B38: 5056.1 | C38: BR 1-BRSA-1045-SPS | D38: 1.2 | E38: 0.9 | F38: Transmission | G38: 11 | H38: 5.6842723 | I38: 3.1843491 | J38: 4.754 | K38: 2.612 | L38: 4.979 | M38: 2.844 | N38: 2.38582 | O38: 61.512563 | P38: 0.27131981 | Q38: 24.192403 | R38: 44.831578 | S38: 0.022305706 | T38: 11 | U38: 5.7381517 | V38: 2.9020043 | W38: 5.336 | X38: 2.9495 | Y38: 5.277 | Z38: 2.911 | AA38: BFW Brine | AB38: 1.201 | AC38: 3.47 | AE38: 22 | AF38: 17027
A39: F7293H | B39: 5056.1 | C39: BR 1-BRSA-1045-SPS | D39: 1.2 | E39: 0.9 | F39: Transmission | G39: 13.8 | H39: 5.7245863 | I39: 3.2495543 | J39: 4.986 | K39: 2.638 | L39: 5.019 | M39: 2.864 | N39: 2.3875837 | O39: 63.649649 | P39: 0.26229193 | Q39: 25.211937 | R39: 44.627323 | S39: 0.022407797 | T39: 13.8 | U39: 5.8139256 | V39: 2.9849069 | AA39: BFW Brine | AB39: 1.201 | AC39: 3.47 | AE39: 22 | AF39: 17027
A40: F7293H | B40: 5056.1 | C40: BR 1-BRSA-1045-SPS | D40: 1.2 | E40: 0.9 | F40: Transmission | G40: 16.5 | H40: 5.7654762 | I40: 3.2958901 | J40: 5.039 | K40: 2.675 | L40: 5.025 | M40: 2.901 | N40: 2.3891115 | O40: 65.259751 | P40: 0.25728445 | Q40: 25.95266 | R40: 44.81223 | S40: 0.022315337 | T40: 16.5 | U40: 5.8561064 | V40: 3.0441177 | W40: 5.359 | X40: 2.954 | Y40: 5.306 | Z40: 2.9365 | AA40: BFW Brine | AB40: 1.201 | AC40: 3.47 | AE40: 22 | AF40: 17027
A41: F7293H | B41: 5056.1 | C41: BR 1-BRSA-1045-SPS | D41: 1.2 | E41: 0.9 | F41: Transmission | G41: 19.3 | H41: 5.8 | I41: 3.3314249 | J41: 5.065 | K41: 2.697 | L41: 5.052 | M41: 2.913 | N41: 2.3901725 | O41: 66.520571 | P41: 0.25382432 | Q41: 26.52707 | R41: 45.035975 | S41: 0.022204471 | T41: 19.3 | U41: 5.8989038 | V41: 3.0732479 | AA41: BFW Brine | AB41: 1.201 | AC41: 3.47 | AE41: 22 | AF41: 17027
A42: F7293H | B42: 5056.1 | C42: BR 1-BRSA-1045-SPS | D42: 1.2 | E42: 0.9 | F42: Transmission | G42: 22.1 | H42: 5.8349398 | I42: 3.3537241 | J42: 5.065 | K42: 2.733 | L42: 5.059 | M42: 2.924 | N42: 2.3911693 | O42: 67.415862 | P42: 0.25333486 | Q42: 26.894593 | R42: 45.551539 | S42: 0.021953155 | T42: 22.1 | U42: 5.935049 | V42: 3.0878595 | W42: 5.374 | X42: 2.9605 | Y42: 5.314 | Z42: 2.942 | AA42: BFW Brine | AB42: 1.201 | AC42: 3.47 | AE42: 22 | AF42: 17027
A43: F7294H | B43: 5056.4 | C43: BR 1-BRSA-1045-SPS | D43: 1.2 | E43: 0.9 | F43: Transmission | G43: 0 | H43: 4.7477876 | I43: 2.7605145 | N43: 2.2368183 | O43: 42.431165 | P43: 0.24464122 | Q43: 17.045541 | R43: 27.693823 | S43: 0.036109135
A44: F7294H | B44: 5056.4 | C44: BR 1-BRSA-1045-SPS | D44: 1.2 | E44: 0.9 | F44: Transmission | G44: 5.5 | H44: 4.8289829 | I44: 2.7784277 | J44: 4.524 | K44: 2.395 | L44: 4.546 | M44: 2.558 | N44: 2.2632189 | O44: 43.767856 | P44: 0.25256571 | Q44: 17.471281 | R44: 29.481131 | S44: 0.033920001
A45: F7294H | B45: 5056.4 | C45: BR 1-BRSA-1045-SPS | D45: 1.2 | E45: 0.9 | F45: Transmission | G45: 8.3 | H45: 4.9860595 | I45: 2.8463854 | J45: 4.601 | K45: 2.482 | L45: 4.652 | M45: 2.557 | N45: 2.2676254 | O45: 46.234485 | P45: 0.25828009 | Q45: 18.372096 | R45: 31.878829 | S45: 0.031368781
A46: F7294H | B46: 5056.4 | C46: BR 1-BRSA-1045-SPS | D46: 1.2 | E46: 0.9 | F46: Transmission | G46: 11 | H46: 5.1095238 | I46: 2.8984544 | J46: 4.709 | K46: 2.558 | L46: 4.733 | M46: 2.65 | N46: 2.2713578 | O46: 48.191588 | P46: 0.26276558 | Q46: 19.081763 | R46: 33.856517 | S46: 0.029536411
A47: F7294H | B47: 5056.4 | C47: BR 1-BRSA-1045-SPS | D47: 1.2 | E47: 0.9 | F47: Transmission | G47: 13.8 | H47: 5.1835749 | I47: 2.9327057 | J47: 4.995 | K47: 2.594 | L47: 5.035 | M47: 2.677 | N47: 2.274223 | O47: 49.47143 | P47: 0.26460368 | Q47: 19.560053 | R47: 35.027048 | S47: 0.028549366
A48: F7294H | B48: 5056.4 | C48: BR 1-BRSA-1045-SPS | D48: 1.2 | E48: 0.9 | F48: Transmission | G48: 16.5 | H48: 5.2290448 | I48: 2.9536218 | J48: 5.008 | K48: 2.61 | L48: 5.055 | M48: 2.686 | N48: 2.2768809 | O48: 50.282868 | P48: 0.26572671 | Q48: 19.863241 | R48: 35.77223 | S48: 0.027954645
A49: F7294H | B49: 5056.4 | C49: BR 1-BRSA-1045-SPS | D49: 1.2 | E49: 0.9 | F49: Transmission | G49: 19.3 | H49: 5.2495108 | I49: 2.980711 | J49: 5.144 | K49: 2.621 | L49: 5.095 | M49: 2.693 | N49: 2.2788798 | O49: 51.107365 | P49: 0.26209583 | Q49: 20.247022 | R49: 35.803888 | S49: 0.027929928
A50: F7294H | B50: 5056.4 | C50: BR 1-BRSA-1045-SPS | D50: 1.2 | E50: 0.9 | F50: Transmission | G50: 22.1 | H50: 5.2649657 | I50: 2.99141 | J50: 5.172 | K50: 2.634 | L50: 5.158 | M50: 2.715 | N50: 2.2806408 | O50: 51.496232 | P50: 0.26164358 | Q50: 20.408391 | R50: 36.007863 | S50: 0.027771712
A51: F7295V | B51: 5056.5 | C51: BR 1-BRSA-1045-SPS | D51: 1.2 | E51: 0.9 | F51: Transmission | G51: 0 | H51: 3.575186 | I51: 2.1471489 | N51: 2.3197565 | O51: 26.050336 | P51: 0.217914 | Q51: 10.694653 | R51: 15.391486 | S51: 0.064970986
A52: F7295V | B52: 5056.5 | C52: BR 1-BRSA-1045-SPS | D52: 1.2 | E52: 0.9 | F52: Transmission | G52: 5.5 | H52: 4.0776174 | I52: 2.3092466 | J52: 4.001 | K52: 2.236 | L52: 4.035 | M52: 2.044 | N52: 2.3358357 | O52: 31.487217 | P52: 0.26392522 | Q52: 12.456123 | R52: 22.229692 | S52: 0.04498488 | T52: 5.5 | U52: 4.5328366 | V52: 2.5091843 | W52: 4.41 | X52: 2.5865 | Y52: 4.426 | Z52: 2.5805 | AA52: BFW Brine | AB52: 1.201 | AC52: 3.47 | AE52: 22 | AF52: 17027
A53: F7295V | B53: 5056.5 | C53: BR 1-BRSA-1045-SPS | D53: 1.2 | E53: 0.9 | F53: Transmission | G53: 8.3 | H53: 4.4452301 | I53: 2.5189662 | J53: 4.426 | K53: 2.324 | L53: 4.36 | M53: 2.157 | N53: 2.3374701 | O53: 37.479741 | P53: 0.26350178 | Q53: 14.831693 | R53: 26.412984 | S53: 0.037860168 | T53: 8.3 | U53: 4.7737771 | V53: 2.6507827 | AA53: BFW Brine | AB53: 1.201 | AC53: 3.47 | AE53: 22 | AF53: 17027
A54: F7295V | B54: 5056.5 | C54: BR 1-BRSA-1045-SPS | D54: 1.2 | E54: 0.9 | F54: Transmission | G54: 11 | H54: 4.7147053 | I54: 2.6856533 | J54: 4.626 | K54: 2.389 | L54: 4.598 | M54: 2.384 | N54: 2.3387285 | O54: 42.503104 | P54: 0.25982714 | Q54: 16.868625 | R54: 29.494801 | S54: 0.033904281 | T54: 11 | U54: 4.9426718 | V54: 2.7413457 | W54: 4.807 | X54: 2.7845 | Y54: 4.771 | Z54: 2.7865 | AA54: BFW Brine | AB54: 1.201 | AC54: 3.47 | AE54: 22 | AF54: 17027
A55: F7295V | B55: 5056.5 | C55: BR 1-BRSA-1045-SPS | D55: 1.2 | E55: 0.9 | F55: Transmission | G55: 13.8 | H55: 4.9239606 | I55: 2.7971855 | J55: 4.735 | K55: 2.492 | L55: 4.614 | M55: 2.487 | N55: 2.3395776 | O55: 46.194235 | P55: 0.261763 | Q55: 18.305433 | R55: 32.316723 | S55: 0.030943732 | T55: 13.8 | U55: 5.0518985 | V55: 2.811746 | AA55: BFW Brine | AB55: 1.201 | AC55: 3.47 | AE55: 22 | AF55: 17027
A56: F7295V | B56: 5056.5 | C56: BR 1-BRSA-1045-SPS | D56: 1.2 | E56: 0.9 | F56: Transmission | G56: 16.5 | H56: 5.0122915 | I56: 2.8761166 | J56: 4.807 | K56: 2.513 | L56: 4.7 | M56: 2.554 | N56: 2.3402046 | O56: 48.572 | P56: 0.25455354 | Q56: 19.358281 | R56: 32.982074 | S56: 0.0303195 | T56: 16.5 | U56: 5.1449226 | V56: 2.8578463 | W56: 5.071 | X56: 2.935 | Y56: 5.017 | Z56: 2.9915 | AA56: BFW Brine | AB56: 1.201 | AC56: 3.47 | AE56: 22 | AF56: 17027
A57: F7295V | B57: 5056.5 | C57: BR 1-BRSA-1045-SPS | D57: 1.2 | E57: 0.9 | F57: Transmission | G57: 19.3 | H57: 5.0797926 | I57: 2.932114 | J57: 5.071 | K57: 2.603 | L57: 5.105 | M57: 2.612 | N57: 2.3411369 | O57: 50.325858 | P57: 0.25018038 | Q57: 20.127439 | R57: 33.574797 | S57: 0.029784246 | T57: 19.3 | U57: 5.2196776 | V57: 2.882134 | AA57: BFW Brine | AB57: 1.201 | AC57: 3.47 | AE57: 22 | AF57: 17027
A58: F7295V | B58: 5056.5 | C58: BR 1-BRSA-1045-SPS | D58: 1.2 | E58: 0.9 | F58: Transmission | G58: 22.1 | H58: 5.0900749 | I58: 2.9628184 | J58: 5.14 | K58: 2.635 | L58: 5.161 | M58: 2.648 | N58: 2.3420458 | O58: 51.14227 | P58: 0.24378281 | Q58: 20.559164 | R58: 33.267524 | S58: 0.030059345 | T58: 22.1 | U58: 5.2377977 | V58: 2.8933187 | W58: 5.14 | X58: 2.947 | Y58: 5.084 | Z58: 3.0325 | AA58: BFW Brine | AB58: 1.201 | AC58: 3.47 | AE58: 22 | AF58: 17027
A59: F7296H | B59: 5056.65 | C59: BR 1-BRSA-1045-SPS | D59: 1.2 | E59: 0.9 | F59: Transmission | G59: 0 | H59: 5.5300466 | I59: 3.0051251 | N59: 2.4210491 | O59: 56.429791 | P59: 0.29047542 | Q59: 21.863954 | R59: 44.887169 | S59: 0.022278081
A60: F7296H | B60: 5056.65 | C60: BR 1-BRSA-1045-SPS | D60: 1.2 | E60: 0.9 | F60: Transmission | G60: 5.5 | H60: 5.6131873 | I60: 3.1241194 | J60: 5.017 | K60: 2.762 | L60: 5.078 | M60: 2.767 | N60: 2.4261838 | O60: 60.412326 | P60: 0.27560615 | Q60: 23.67985 | R60: 44.870753 | S60: 0.022286232 | T60: 5.5 | U60: 5.7313596 | V60: 3.0751751 | W60: 5.261 | X60: 3.052 | Y60: 5.196 | Z60: 3.0475 | AA60: BFW Brine | AB60: 1.201 | AC60: 3.47 | AE60: 22 | AF60: 17027
A61: F7296H | B61: 5056.65 | C61: BR 1-BRSA-1045-SPS | D61: 1.2 | E61: 0.9 | F61: Transmission | G61: 8.3 | H61: 5.7363916 | I61: 3.2013896 | J61: 5.064 | K61: 2.872 | L61: 5.105 | M61: 2.934 | N61: 2.4291643 | O61: 63.427077 | P61: 0.2738279 | Q61: 24.896251 | R61: 46.739538 | S61: 0.021395162 | T61: 8.3 | U61: 5.8730337 | V61: 3.1806455 | AA61: BFW Brine | AB61: 1.201 | AC61: 3.47 | AE61: 22 | AF61: 17027
A62: F7296H | B62: 5056.65 | C62: BR 1-BRSA-1045-SPS | D62: 1.2 | E62: 0.9 | F62: Transmission | G62: 11 | H62: 5.8324035 | I62: 3.3125818 | J62: 5.133 | K62: 2.879 | L62: 5.133 | M62: 2.944 | N62: 2.4312311 | O62: 67.331159 | P62: 0.26190494 | Q62: 26.67838 | R62: 47.131846 | S62: 0.021217077 | T62: 11 | U62: 5.9600912 | V62: 3.2833122 | W62: 5.312 | X62: 3.0605 | Y62: 5.283 | Z62: 3.073 | AA62: BFW Brine | AB62: 1.201 | AC62: 3.47 | AE62: 22 | AF62: 17027
A63: F7296H | B63: 5056.65 | C63: BR 1-BRSA-1045-SPS | D63: 1.2 | E63: 0.9 | F63: Transmission | G63: 13.8 | H63: 5.8717142 | I63: 3.3803738 | J63: 5.154 | K63: 2.894 | L63: 5.335 | M63: 2.955 | N63: 2.4327028 | O63: 69.614129 | P63: 0.25212848 | Q63: 27.798317 | R63: 46.807938 | S63: 0.021363898 | T63: 13.8 | U63: 6.0149597 | V63: 3.3565454 | AA63: BFW Brine | AB63: 1.201 | AC63: 3.47 | AE63: 22 | AF63: 17027
A64: F7296H | B64: 5056.65 | C64: BR 1-BRSA-1045-SPS | D64: 1.2 | E64: 0.9 | F64: Transmission | G64: 16.5 | H64: 5.9182518 | I64: 3.4200442 | J64: 5.232 | K64: 2.903 | L64: 5.764 | M64: 2.963 | N64: 2.4341449 | O64: 71.139372 | P64: 0.24930984 | Q64: 28.471469 | R64: 47.295683 | S64: 0.021143579 | T64: 16.5 | U64: 6.0567787 | V64: 3.4002217 | W64: 5.357 | X64: 3.0965 | Y64: 5.312 | Z64: 3.0905 | AA64: BFW Brine | AB64: 1.201 | AC64: 3.47 | AE64: 22 | AF64: 17027
A65: F7296H | B65: 5056.65 | C65: BR 1-BRSA-1045-SPS | D65: 1.2 | E65: 0.9 | F65: Transmission | G65: 19.3 | H65: 5.9451774 | I65: 3.4610811 | J65: 5.327 | K65: 2.925 | L65: 5.872 | M65: 2.982 | N65: 2.4354028 | O65: 72.565082 | P65: 0.24366483 | Q65: 29.17389 | R65: 47.18112 | S65: 0.021194919 | T65: 19.3 | U65: 6.0849825 | V65: 3.4383724 | AA65: BFW Brine | AB65: 1.201 | AC65: 3.47 | AE65: 22 | AF65: 17027
A66: F7296H | B66: 5056.65 | C66: BR 1-BRSA-1045-SPS | D66: 1.2 | E66: 0.9 | F66: Transmission | G66: 22.1 | H66: 5.9723492 | I66: 3.4833903 | J66: 5.35 | K66: 3.141 | L66: 5.945 | M66: 2.991 | N66: 2.4364336 | O66: 73.448835 | P66: 0.24221298 | Q66: 29.563704 | R66: 47.486768 | S66: 0.021058498 | T66: 22.1 | U66: 6.0920746 | V66: 3.4605732 | W66: 5.35 | X66: 3.1125 | Y66: 5.32 | Z66: 3.104 | AA66: BFW Brine | AB66: 1.201 | AC66: 3.47 | AE66: 22 | AF66: 17027
A67: F7297H | B67: 5056.95 | C67: BR 1-BRSA-1045-SPS | D67: 1.2 | E67: 0.9 | F67: Transmission | G67: 5.5 | H67: 5.9444883 | I67: 3.2774548 | J67: 6.443 | K67: 3.367 | L67: 5 | M67: 2.789 | N67: 2.4497517 | O67: 67.450973 | P67: 0.28163023 | Q67: 26.314522 | R67: 51.480702 | S67: 0.019424755 | T67: 5.5 | U67: 6.0205169 | V67: 3.0546646 | W67: 4.941 | X67: 2.858 | Y67: 4.903 | Z67: 2.911 | AA67: BFW Brine | AB67: 1.201 | AC67: 3.47 | AE67: 22 | AF67: 17027
A68: F7297H | B68: 5056.95 | C68: BR 1-BRSA-1045-SPS | D68: 1.2 | E68: 0.9 | F68: Transmission | G68: 8.3 | H68: 6.0479122 | I68: 3.3714364 | N68: 2.4519606 | O68: 71.045473 | P68: 0.2745679 | Q68: 27.870415 | R68: 52.525404 | S68: 0.019038406 | T68: 8.3 | U68: 6.1018093 | V68: 3.1572058 | AA68: BFW Brine | AB68: 1.201 | AC68: 3.47 | AE68: 22 | AF68: 17027
A69: F7297H | B69: 5056.95 | C69: BR 1-BRSA-1045-SPS | D69: 1.2 | E69: 0.9 | F69: Transmission | G69: 11 | H69: 6.1133658 | I69: 3.4412923 | J69: 6.476 | K69: 3.39 | L69: 5.02 | M69: 2.807 | N69: 2.453095 | O69: 73.677021 | P69: 0.26807393 | Q69: 29.050759 | R69: 52.945766 | S69: 0.018887251 | T69: 11 | U69: 6.2193779 | V69: 3.2805847 | W69: 4.993 | X69: 2.892 | Y69: 4.948 | Z69: 2.9375 | AA69: BFW Brine | AB69: 1.201 | AC69: 3.47 | AE69: 22 | AF69: 17027
A70: F7297H | B70: 5056.95 | C70: BR 1-BRSA-1045-SPS | D70: 1.2 | E70: 0.9 | F70: Transmission | G70: 13.8 | H70: 6.1887154 | I70: 3.492592 | N70: 2.4541349 | O70: 75.818131 | P70: 0.26633593 | Q70: 29.936026 | R70: 54.079153 | S70: 0.018491414 | T70: 13.8 | U70: 6.2973802 | V70: 3.3835769 | AA70: BFW Brine | AB70: 1.201 | AC70: 3.47 | AE70: 22 | AF70: 17027
A71: F7297H | B71: 5056.95 | C71: BR 1-BRSA-1045-SPS | D71: 1.2 | E71: 0.9 | F71: Transmission | G71: 16.5 | H71: 6.2313844 | I71: 3.5267631 | J71: 6.577 | K71: 3.407 | L71: 5.06 | M71: 2.921 | N71: 2.4549573 | O71: 77.214223 | P71: 0.26436016 | Q71: 30.5349 | R71: 54.613164 | S71: 0.018310604 | T71: 16.5 | U71: 6.3326794 | V71: 3.4243515 | W71: 5.074 | X71: 2.913 | Y71: 4.993 | Z71: 2.9875 | AA71: BFW Brine | AB71: 1.201 | AC71: 3.47 | AE71: 22 | AF71: 17027
A72: F7297H | B72: 5056.95 | C72: BR 1-BRSA-1045-SPS | D72: 1.2 | E72: 0.9 | F72: Transmission | G72: 19.3 | H72: 6.2746459 | I72: 3.5434377 | N72: 2.4557535 | O72: 78.065115 | P72: 0.26588023 | Q72: 30.834321 | R72: 55.57349 | S72: 0.017994191 | T72: 19.3 | U72: 6.3683766 | V72: 3.4690515 | AA72: BFW Brine | AB72: 1.201 | AC72: 3.47 | AE72: 22 | AF72: 17027
A73: F7297H | B73: 5056.95 | C73: BR 1-BRSA-1045-SPS | D73: 1.2 | E73: 0.9 | F73: Transmission | G73: 22.1 | H73: 6.2921192 | I73: 3.5574338 | J73: 6.623 | K73: 3.428 | L73: 5.149 | M73: 2.935 | N73: 2.4563145 | O73: 78.651255 | P73: 0.26508012 | Q73: 31.085484 | R73: 55.800056 | S73: 0.017921129 | T73: 22.1 | U73: 6.3773638 | V73: 3.4797393 | W73: 5.135 | X73: 2.9295 | Y73: 5.06 | Z73: 3.0105 | AA73: BFW Brine | AB73: 1.201 | AC73: 3.47 | AE73: 22 | AF73: 17027
A74: F2829V | B74: 5206 | C74: BR 3-BRSA-861-SPS | D74: 1.2 | E74: 0.9 | F74: Transmission | G74: 5.5 | H74: 3.91 | I74: 2.358 | J74: 3.993 | K74: 2.38 | L74: 4.369 | M74: 2.603 | N74: 2.4563145 | O74: 33.166356 | P74: 0.21421666 | Q74: 13.657511 | R74: 19.342366 | S74: 0.051699982
A75: F2829V | B75: 5206 | C75: BR 3-BRSA-861-SPS | D75: 1.2 | E75: 0.9 | F75: Transmission | G75: 8.3 | H75: 4.284 | I75: 2.573 | O75: 0 | P75: 0.21785951 | Q75: 0 | R75: 0 | S75: #DIV/0!
A76: F2829V | B76: 5206 | C76: BR 3-BRSA-861-SPS | D76: 1.2 | E76: 0.9 | F76: Transmission | G76: 11 | H76: 4.465 | I76: 2.705 | J76: 4.41 | K76: 2.598 | L76: 4.636 | M76: 2.769 | O76: 0 | P76: 0.21008364 | Q76: 0 | R76: 0 | S76: #DIV/0!
A77: F2829V | B77: 5206 | C77: BR 3-BRSA-861-SPS | D77: 1.2 | E77: 0.9 | F77: Transmission | G77: 13.8 | H77: 4.597 | I77: 2.789 | O77: 0 | P77: 0.20875445 | Q77: 0 | R77: 0 | S77: #DIV/0!
A78: F2829V | B78: 5206 | C78: BR 3-BRSA-861-SPS | D78: 1.2 | E78: 0.9 | F78: Transmission | G78: 16.5 | H78: 4.807 | I78: 2.857 | J78: 4.608 | K78: 2.731 | L78: 4.957 | M78: 2.977 | O78: 0 | P78: 0.22691341 | Q78: 0 | R78: 0 | S78: #DIV/0!
A79: F2829V | B79: 5206 | C79: BR 3-BRSA-861-SPS | D79: 1.2 | E79: 0.9 | F79: Transmission | G79: 19.3 | H79: 4.891 | I79: 2.918 | O79: 0 | P79: 0.22367634 | Q79: 0 | R79: 0 | S79: #DIV/0!
A80: F2829V | B80: 5206 | C80: BR 3-BRSA-861-SPS | D80: 1.2 | E80: 0.9 | F80: Transmission | G80: 22.1 | H80: 4.955 | I80: 2.972 | J80: 4.758 | K80: 2.82 | L80: 5.09 | M80: 3.043 | O80: 0 | P80: 0.21904547 | Q80: 0 | R80: 0 | S80: #DIV/0!
A81: F2830H | B81: 5206.05 | C81: BR 3-BRSA-861-SPS | D81: 1.2 | E81: 0.9 | F81: Transmission | G81: 5.5 | H81: 4.817 | I81: 2.772 | J81: 5.013 | K81: 2.857 | L81: 4.435 | M81: 2.587 | O81: 0 | P81: 0.25244107 | Q81: 0 | R81: 0 | S81: #DIV/0!
A82: F2830H | B82: 5206.05 | C82: BR 3-BRSA-861-SPS | D82: 1.2 | E82: 0.9 | F82: Transmission | G82: 8.3 | H82: 5.023 | I82: 2.862 | O82: 0 | P82: 0.2596452 | Q82: 0 | R82: 0 | S82: #DIV/0!
A83: F2830H | B83: 5206.05 | C83: BR 3-BRSA-861-SPS | D83: 1.2 | E83: 0.9 | F83: Transmission | G83: 11 | H83: 5.3 | I83: 3.045 | J83: 5.367 | K83: 3.043 | L83: 4.81 | M83: 2.759 | O83: 0 | P83: 0.25363914 | Q83: 0 | R83: 0 | S83: #DIV/0!
A84: F2830H | B84: 5206.05 | C84: BR 3-BRSA-861-SPS | D84: 1.2 | E84: 0.9 | F84: Transmission | G84: 13.8 | H84: 5.41 | I84: 3.113 | O84: 0 | P84: 0.25250025 | Q84: 0 | R84: 0 | S84: #DIV/0!
A85: F2830H | B85: 5206.05 | C85: BR 3-BRSA-861-SPS | D85: 1.2 | E85: 0.9 | F85: Transmission | G85: 16.5 | H85: 5.58 | I85: 3.246 | J85: 5.756 | K85: 3.27 | L85: 5.053 | M85: 2.843 | O85: 0 | P85: 0.24425788 | Q85: 0 | R85: 0 | S85: #DIV/0!
A86: F2830H | B86: 5206.05 | C86: BR 3-BRSA-861-SPS | D86: 1.2 | E86: 0.9 | F86: Transmission | G86: 19.3 | H86: 5.625 | I86: 3.291 | O86: 0 | P86: 0.2397715 | Q86: 0 | R86: 0 | S86: #DIV/0!
A87: F2830H | B87: 5206.05 | C87: BR 3-BRSA-861-SPS | D87: 1.2 | E87: 0.9 | F87: Transmission | G87: 22.1 | H87: 5.787 | I87: 3.344 | J87: 5.992 | K87: 3.386 | L87: 5.292 | M87: 2.93 | O87: 0 | P87: 0.24935403 | Q87: 0 | R87: 0 | S87: #DIV/0!
A88: F2846H | B88: 5210.05 | C88: BR 3-BRSA-861-SPS | D88: 1.2 | E88: 0.9 | F88: Transmission | G88: 5.5 | H88: 2.851 | I88: 1.874 | J88: 3.014 | K88: 1.768 | L88: 3.195 | M88: 1.898 | O88: 0 | P88: 0.11962427 | Q88: 0 | R88: 0 | S88: #DIV/0!
A89: F2846H | B89: 5210.05 | C89: BR 3-BRSA-861-SPS | D89: 1.2 | E89: 0.9 | F89: Transmission | G89: 8.3 | H89: 3.323 | I89: 1.952 | O89: 0 | P89: 0.23656728 | Q89: 0 | R89: 0 | S89: #DIV/0!
A90: F2846H | B90: 5210.05 | C90: BR 3-BRSA-861-SPS | D90: 1.2 | E90: 0.9 | F90: Transmission | G90: 11 | H90: 3.618 | I90: 2.131 | J90: 3.438 | K90: 2.043 | L90: 3.594 | M90: 2.086 | O90: 0 | P90: 0.2343966 | Q90: 0 | R90: 0 | S90: #DIV/0!
A91: F2846H | B91: 5210.05 | C91: BR 3-BRSA-861-SPS | D91: 1.2 | E91: 0.9 | F91: Transmission | G91: 13.8 | H91: 3.817 | I91: 2.216 | O91: 0 | P91: 0.24579455 | Q91: 0 | R91: 0 | S91: #DIV/0!
A92: F2846H | B92: 5210.05 | C92: BR 3-BRSA-861-SPS | D92: 1.2 | E92: 0.9 | F92: Transmission | G92: 16.5 | H92: 3.946 | I92: 2.273 | J92: 3.83 | K92: 2.228 | L92: 3.834 | M92: 2.215 | O92: 0 | P92: 0.25171392 | Q92: 0 | R92: 0 | S92: #DIV/0!
A93: F2846H | B93: 5210.05 | C93: BR 3-BRSA-861-SPS | D93: 1.2 | E93: 0.9 | F93: Transmission | G93: 19.3 | H93: 4.011 | I93: 2.335 | O93: 0 | P93: 0.24368756 | Q93: 0 | R93: 0 | S93: #DIV/0!
A94: F2846H | B94: 5210.05 | C94: BR 3-BRSA-861-SPS | D94: 1.2 | E94: 0.9 | F94: Transmission | G94: 22.1 | H94: 4.08 | I94: 2.379 | J94: 3.909 | K94: 2.318 | L94: 4.004 | M94: 2.322 | O94: 0 | P94: 0.24243355 | Q94: 0 | R94: 0 | S94: #DIV/0!
A95: F2852H | B95: 5211.4 | C95: BR 3-BRSA-861-SPS | D95: 1.2 | E95: 0.9 | F95: Transmission | G95: 5.5 | H95: 5.653 | I95: 3.408 | J95: 5.907 | K95: 3.389 | L95: 5.737 | M95: 3.497 | O95: 0 | P95: 0.21451933 | Q95: 0 | R95: 0 | S95: #DIV/0!
A96: F2852H | B96: 5211.4 | C96: BR 3-BRSA-861-SPS | D96: 1.2 | E96: 0.9 | F96: Transmission | G96: 8.3 | H96: 5.695 | I96: 3.413 | O96: 0 | P96: 0.21977691 | Q96: 0 | R96: 0 | S96: #DIV/0!
A97: F2852H | B97: 5211.4 | C97: BR 3-BRSA-861-SPS | D97: 1.2 | E97: 0.9 | F97: Transmission | G97: 11 | H97: 5.719 | I97: 3.42 | J97: 5.934 | K97: 3.414 | L97: 5.852 | M97: 3.516 | O97: 0 | P97: 0.22165427 | Q97: 0 | R97: 0 | S97: #DIV/0!
A98: F2852H | B98: 5211.4 | C98: BR 3-BRSA-861-SPS | D98: 1.2 | E98: 0.9 | F98: Transmission | G98: 13.8 | H98: 5.728 | I98: 3.423 | O98: 0 | P98: 0.22225624 | Q98: 0 | R98: 0 | S98: #DIV/0!
A99: F2852H | B99: 5211.4 | C99: BR 3-BRSA-861-SPS | D99: 1.2 | E99: 0.9 | F99: Transmission | G99: 16.5 | H99: 5.762 | I99: 3.432 | J99: 6.01 | K99: 3.44 | L99: 5.972 | M99: 3.537 | O99: 0 | P99: 0.22508139 | Q99: 0 | R99: 0 | S99: #DIV/0!
A100: F2852H | B100: 5211.4 | C100: BR 3-BRSA-861-SPS | D100: 1.2 | E100: 0.9 | F100: Transmission | G100: 19.3 | H100: 5.777 | I100: 3.443 | O100: 0 | P100: 0.22456934 | Q100: 0 | R100: 0 | S100: #DIV/0!
...

Sheet DIA Parameters
A1: Digital Image Analysis (DIA) Parameters - values from pore system image & measurements
A2: Sample | B2: Depth (m) | C2: Well/ Location | D2: Thin Section | E2: Image Resolution (µm) | F2: Perimeter over Area (mm^-1) | G2: DomSize (microns) | H2: Mean Specific Surface Area (microns^-1) (Tiab and Donaldson, 2004) | I2: Specific Pore Surface Area (mm^-1) | J2: Permeability (Kozeny) (mD) | K2: Permeability (Kozeny-Carman) (mD) | L2: DIA Porosity (%) | M2: Microcroporosity (Anselmetti et al., 1998)(%) | N2: Macro-mesoporosity (Anselmetti et al., 1998)(%) | O2: Pore radius | P2: Pore radius Microporosity (Anselmetti et al., 1998) | Q2: Pore radius Macro-mesoporosity (Anselmetti et al., 1998) | R2: Pore area | S2: Pore area Microporosity (Anselmetti et al., 1998) | T2: Pore area Macro-mesoporosity (Anselmetti et al., 1998) | U2: Pore perimeter | V2: Pore perimeter Microporosity (Anselmetti et al., 1998) | W2: Pore perimeter Macro-mesoporosity (Anselmetti et al., 1998) | X2: Mean Gamma | Y2: Mean Gamma Microporosity (Anselmetti et al., 1998) | Z2: Mean Gamma Macro-mesoporosity (Anselmetti et al., 1998) | AA2: Mean Fps (microns^-1) (equal to gamma^2) | AB2: Mean Fps Microporosity (Anselmetti et al., 1998) (microns^-1) | AC2: Mean Fps Macro-mesoporosity (Anselmetti et al., 1998) (microns^-1) | AD2: Specific pore surface (microns^-1) | AE2: Specific Pore surface Microporosity (microns^-1) | AF2: Specific Pore surface Macro-mesoporosity (microns^-1) | AG2: Mean Aspect Ratio | AH2: Median Aspect Ratio
A3: - | C3: BR 1-BRSA-1045-SPS | D3: 4587-1 | F3: 112.774 | G3: 132.202 | H3: 0.033 | I3: 12.382 | J3: 50.05 | K3: 20.02 | L3: 4.447 | M3: 0.152 | N3: 4.295 | O3: 15.878 | P3: 6.999 | Q3: 38.776 | R3: 3351.123 | S3: 170.519 | T3: 11876.084 | U3: 321.473 | V3: 95.374 | W3: 946.24 | X3: 2.37 | Y3: 2.116 | Z3: 3.084 | AA3: 5.664 | AB3: 4.522 | AC3: 9.686 | AD3: 0.678 | AE3: 0.828 | AF3: 0.304 | AG3: 0.537 | AH3: 0.529
A4: F7285V | B4: 5054.2 | C4: BR 1-BRSA-1045-SPS | D4: 7285V | F4: 314.076 | G4: 94.413 | H4: 0.021 | I4: 49.921 | J4: 19.726 | K4: 7.89 | L4: 2.365 | M4: 0.315 | N4: 2.05 | O4: 8.092 | P4: 6.22 | Q4: 23.57 | R4: 653.635 | S4: 132.852 | T4: 4970.429 | U4: 137.575 | V4: 83.194 | W4: 597.942 | X4: 2.177 | Y4: 2.071 | Z4: 3.06 | AA4: 4.78 | AB4: 4.315 | AC4: 10.993 | AD4: 0.853 | AE4: 0.893 | AF4: 0.406 | AG4: 0.498 | AH4: 0.483
A5: F7286H | B5: 5054.3 | C5: BR 1-BRSA-1045-SPS | D5: 7187-1 | F5: 107.842 | G5: 123.827 | H5: 0.085 | I5: 11.712 | J5: 97.975 | K5: 39.19 | L5: 9.558 | M5: 0.394 | N5: 9.164 | O5: 13.072 | P5: 6.686 | Q5: 37.589 | R5: 2610.063 | S5: 154.457 | T5: 11959.584 | U5: 260.746 | V5: 85.229 | W5: 943.841 | X5: 2.201 | Y5: 1.977 | Z5: 3.079 | AA5: 4.861 | AB5: 3.919 | AC5: 9.633 | AD5: 0.701 | AE5: 0.801 | AF5: 0.315 | AG5: 0.547 | AH5: 0.54
A6: F7287H | B6: 5054.55 | C6: BR 1-BRSA-1045-SPS | D6: 71880-1 | F6: 145.831 | G6: 116.925 | H6: 0.048 | I6: 17.705 | J6: 65.414 | K6: 26.166 | L6: 6.14 | M6: 0.402 | N6: 5.738 | O6: 12.094 | P6: 6.744 | Q6: 31.982 | R6: 1773.199 | S6: 156.932 | T6: 7885.533 | U6: 226.25 | V6: 85.926 | W6: 751.334 | X6: 2.19 | Y6: 1.973 | Z6: 3.033 | AA6: 4.808 | AB6: 3.9 | AC6: 9.289 | AD6: 0.698 | AE6: 0.792 | AF6: 0.337 | AG6: 0.535 | AH6: 0.525
A7: F7288H | B7: 5054.8 | C7: BR 1-BRSA-1045-SPS | D7: 7189-1 | F7: 129.403 | G7: 120.74 | H7: 0.073 | I7: 12.373 | J7: 88.317 | K7: 35.327 | L7: 8.585 | M7: 0.51 | N7: 8.075 | O7: 12.993 | P7: 6.709 | Q7: 32.14 | R7: 2043.974 | S7: 155.78 | T7: 8095.766 | U7: 251.611 | V7: 85.962 | W7: 775.536 | X7: 2.224 | Y7: 1.989 | Z7: 2.992 | AA7: 4.976 | AB7: 3.974 | AC7: 9.147 | AD7: 0.685 | AE7: 0.807 | AF7: 0.325 | AG7: 0.547 | AH7: 0.54
A8: F7289H | B8: 5055.1 | C8: BR 1-BRSA-1045-SPS | D8: 7190-1 | F8: 181.594 | G8: 128.528 | H8: 0.007 | I8: 21.514 | J8: 9.221 | K8: 3.688 | L8: 0.959 | M8: 0.127 | N8: 0.832 | O8: 11.213 | P8: 6.652 | Q8: 29.545 | R8: 945.372 | S8: 153.252 | T8: 4171.548 | U8: 204.247 | V8: 89.201 | W8: 657.49 | X8: 2.309 | Y8: 2.073 | Z8: 3.211 | AA8: 5.367 | AB8: 4.313 | AC8: 10.521 | AD8: 0.746 | AE8: 0.844 | AF8: 0.353 | AG8: 0.513 | AH8: 0.496
A9: F7290V | B9: 5055.2 | C9: BR 1-BRSA-1045-SPS | D9: 7290V | F9: 213.203 | G9: 137.071 | H9: 0.017 | I9: 21.497 | J9: 14.372 | K9: 5.749 | L9: 1.965 | M9: 0.395 | N9: 1.57 | O9: 9.511 | P9: 6.385 | Q9: 32.076 | R9: 825.68 | S9: 139.528 | T9: 6516.327 | U9: 164.99 | V9: 86.336 | W9: 817.871 | X9: 2.258 | Y9: 2.081 | Z9: 3.658 | AA9: 5.151 | AB9: 4.366 | AC9: 14.413 | AD9: 0.805 | AE9: 0.868 | AF9: 0.406 | AG9: 0.533 | AH9: 0.525
A10: F7291H | B10: 5055.4 | C10: BR 1-BRSA-1045-SPS | D10: 7191-1 | F10: 175.41 | G10: 147.969 | H10: 0.008 | I10: 24.517 | J10: 10.925 | K10: 4.37 | L10: 1.094 | M10: 0.147 | N10: 0.947 | O10: 11.137 | P10: 6.536 | Q10: 32.327 | R10: 1072.897 | S10: 146.934 | T10: 6000.827 | U10: 210.381 | V10: 88.907 | W10: 760.161 | X10: 2.29 | Y10: 2.081 | Z10: 3.243 | AA10: 5.299 | AB10: 4.347 | AC10: 11 | AD10: 0.762 | AE10: 0.85 | AF10: 0.355 | AG10: 0.487 | AH10: 0.475
A11: F7292H | B11: 5055.75 | C11: BR 1-BRSA-1045-SPS | D11: 7192-1 | F11: 202.175 | G11: 110.382 | H11: 0.03 | I11: 20.15 | J11: 25.754 | K11: 10.302 | L11: 3.389 | M11: 0.265 | N11: 3.125 | O11: 10.78 | P11: 6.492 | Q11: 30.58 | R11: 1520.488 | S11: 144.968 | T11: 7369.548 | U11: 250.55 | V11: 96.86 | W11: 982.075 | X11: 2.556 | Y11: 2.294 | Z11: 3.784 | AA11: 6.566 | AB11: 5.289 | AC11: 15.324 | AD11: 0.865 | AE11: 0.946 | AF11: 0.414 | AG11: 0.527 | AH11: 0.513
A12: F7293H | B12: 5056.1 | C12: BR 1-BRSA-1045-SPS | D12: 7193-2 | F12: 124.273 | G12: 128.302 | H12: 0.023 | I12: 15.3 | J12: 46.693 | K12: 18.677 | L12: 3.551 | M12: 0.305 | N12: 3.245 | O12: 12.912 | P12: 6.762 | Q12: 31.929 | R12: 1390.88 | S12: 158.206 | T12: 5200.235 | U12: 206.309 | V12: 80.726 | W12: 594.714 | X12: 2.048 | Y12: 1.859 | Z12: 2.625 | AA12: 4.2 | AB12: 3.463 | AC12: 6.91 | AD12: 0.634 | AE12: 0.75 | AF12: 0.273 | AG12: 0.549 | AH12: 0.538
A13: F7294H | B13: 5056.4 | C13: BR 1-BRSA-1045-SPS | D13: 7194-1 | F13: 110.487 | G13: 124.645 | H13: 0.026 | I13: 12.422 | J13: 54.143 | K13: 21.657 | L13: 3.946 | M13: 0.259 | N13: 3.687 | O13: 13.381 | P13: 6.688 | Q13: 32.509 | R13: 1734.011 | S13: 154.393 | T13: 6309.4 | U13: 215.385 | V13: 76.881 | W13: 618.447 | X13: 1.989 | Y13: 1.78 | Z13: 2.6 | AA13: 3.973 | AB13: 3.181 | AC13: 6.836 | AD13: 0.606 | AE13: 0.72 | AF13: 0.277 | AG13: 0.537 | AH13: 0.525
A14: F7295V | B14: 5056.5 | C14: BR 1-BRSA-1045-SPS | D14: 7295V | F14: 152.491 | G14: 114.653 | H14: 0.068 | I14: 11.34 | J14: 97.661 | K14: 39.064 | L14: 8.881 | M14: 0.748 | N14: 8.133 | O14: 11.967 | P14: 6.71 | Q14: 30.532 | R14: 1359.238 | S14: 155.707 | T14: 5615.724 | U14: 232.905 | V14: 84.822 | W14: 764.56 | X14: 2.216 | Y14: 1.952 | Z14: 3.177 | AA14: 4.922 | AB14: 3.814 | AC14: 10.124 | AD14: 0.687 | AE14: 0.786 | AF14: 0.339 | AG14: 0.56 | AH14: 0.554
A15: F7296H | B15: 5056.65 | C15: BR 1-BRSA-1045-SPS | D15: 7391-1 | F15: 93.514 | G15: 125.238 | H15: 0.049 | I15: 9.293 | J15: 76.102 | K15: 30.441 | L15: 6.428 | M15: 0.256 | N15: 6.172 | O15: 15.353 | P15: 6.844 | Q15: 41.718 | R15: 3121.321 | S15: 162.506 | T15: 12601.93 | U15: 296.088 | V15: 86.603 | W15: 951.203 | X15: 2.198 | Y15: 1.961 | Z15: 2.938 | AA15: 4.84 | AB15: 3.856 | AC15: 8.683 | AD15: 0.659 | AE15: 0.78 | AF15: 0.284 | AG15: 0.549 | AH15: 0.547
A16: F7297H | B16: 5056.95 | C16: BR 1-BRSA-1045-SPS | D16: 7196-1 | F16: 99.961 | G16: 117.857 | H16: 0.072 | I16: 9.309 | J16: 74.413 | K16: 29.765 | L16: 7.501 | M16: 0.21 | N16: 7.291 | O16: 13.085 | P16: 6.514 | Q16: 42.74 | R16: 3786.613 | S16: 146.035 | T16: 21451.257 | U16: 263.816 | V16: 82.062 | W16: 1096.972 | X16: 2.172 | Y16: 1.955 | Z16: 3.121 | AA16: 4.732 | AB16: 3.835 | AC16: 9.832 | AD16: 0.717 | AE16: 0.811 | AF16: 0.316 | AG16: 0.538 | AH16: 0.531
A17: F2855V | B17: 5212.15 | C17: BR 3-BRSA-861-SPS | D17: F2855V | E17: 0.44 | F17: 1010.8866 | G17: 20.666667 | H17: 20.666667 | I17: 123.26544 | J17: 0.84045314 | K17: 0.33618125 | L17: 1.690924 | M17: 1.5129726 | N17: 0.17795139 | O17: 1.8683293 | P17: 1.8357088 | Q17: 15.079638 | R17: 16.719697 | S17: 14.997069 | T17: 714.384 | U17: 25.524833 | V17: 24.151511 | W17: 581.72048 | X17: 1.9784209 | Y17: 1.9681462 | Z17: 6.1396493 | AA17: 3.9141491 | AB17: 3.8735995 | AC17: 37.695293 | AD17: 3.1922311 | AE17: 3.1975531 | AF17: 1.0367947 | AG17: 0.56450124 | AH17: 0.55862241
A18: F2859H | B18: 5212.9 | C18: BR 3-BRSA-861-SPS | D18: F2859H | E18: 0.44 | F18: 584.53448 | G18: 24.583333 | H18: 0.28064794 | I18: 56.085554 | J18: 6.196604 | K18: 2.4786416 | L18: 9.2577643 | M18: 4.3019869 | N18: 4.9557774 | O18: 2.4849661 | P18: 2.1793917 | Q18: 20.490349 | R18: 47.708855 | S18: 22.54606 | T18: 1530.3782 | U18: 37.239127 | V18: 28.469356 | W18: 553.98102 | X18: 1.9351619 | Y18: 1.8975195 | Z18: 4.1531667 | AA18: 3.7448516 | AB18: 3.6005803 | AC18: 17.248794 | AD18: 2.7508393 | AE18: 2.7880856 | AF18: 0.55616798 | AG18: 0.58248401 | AH18: 0.57166927
A19: F2870H | B19: 5215.55 | C19: BR 3-BRSA-861-SPS | D19: F2870H | E19: 0.44 | F19: 1853.2575 | G19: 21.5 | H19: 0.0067608835 | I19: 516.10132 | J19: 0.034433236 | K19: 0.013773294 | L19: 0.14578511 | M19: 0.14578511 | N19: 0 | O19: 1.4650408 | P19: 1.4650408 | Q19: 0 | R19: 8.3607543 | S19: 8.3607543 | T19: 0 | U19: 24.192036 | V19: 24.192036 | W19: 0 | X19: 2.4449432 | Y19: 2.4449432 | Z19: 0 | AA19: 5.9777473 | AB19: 5.9777473 | AC19: 0 | AD19: 4.6308071 | AE19: 4.6308071 | AF19: 0 | AG19: 0.5145642 | AH19: 0.51235449
A20: F2880H | B20: 5218.25 | C20: BR 3-BRSA-861-SPS | D20: F2880H | E20: 0.44 | F20: 1188.8626 | G20: 20.35 | H20: 0.25083159 | I20: 59.720677 | J20: 1.4080975 | K20: 0.56323899 | L20: 5.3897087 | M20: 3.1617477 | N20: 2.227961 | O20: 1.8256223 | P20: 1.7185821 | Q20: 22.719874 | R20: 22.055993 | S20: 13.004921 | T20: 1788.8253 | U20: 38.832475 | V20: 33.413747 | W20: 1096.5684 | X20: 2.708195 | Y20: 2.6826127 | Z20: 7.7018576 | AA20: 7.33432 | AB20: 7.1964108 | AC20: 59.318611 | AD20: 4.4030672 | AE20: 4.4207435 | AF20: 0.95264954 | AG20: 0.56164489 | AH20: 0.55329397
A21: F2908H | B21: 5225.25 | C21: BR 3-BRSA-861-SPS | D21: F2908H | E21: 0.44 | F21: 2524.9354 | G21: 19.25 | H21: 0.1397066 | I21: 201.88818 | J21: 0.56655249 | K21: 0.226621 | L21: 2.7435378 | M21: 2.6145833 | N21: 0.12895448 | O21: 1.5292824 | P21: 1.5193808 | Q21: 12.836849 | R21: 9.6359615 | S21: 9.1910837 | T21: 517.6864 | U21: 31.503387 | V21: 30.750815 | W21: 890.9406 | X21: 2.8104741 | Y21: 2.8032625 | Z21: 11.046137 | AA21: 7.8987647 | AB21: 7.8582806 | AC21: 122.01715 | AD21: 4.9524993 | AE21: 4.9549172 | AF21: 2.1912509 | AG21: 0.55375988 | AH21: 0.54168644
A22: F2910H | B22: 5225.7 | C22: BR 3-BRSA-861-SPS | D22: F2910H | E22: 0.44 | F22: 1882.6555 | G22: 21.25 | H22: 0.25985671 | I22: 92.552072 | J22: 1.1775129 | K22: 0.47100516 | L22: 5.2056327 | M22: 4.0176987 | N22: 1.187934 | O22: 1.5912107 | P22: 1.5479972 | Q22: 18.941435 | R22: 12.980098 | S22: 10.04297 | T22: 1192.2372 | U22: 34.259592 | V22: 30.362894 | W22: 1598.7841 | X22: 2.7185755 | Y22: 2.6929312 | Z22: 13.014781 | AA22: 7.3906528 | AB22: 7.2518782 | AC22: 169.38453 | AD22: 4.7319805 | AE22: 4.7392727 | AF22: 1.804166 | AG22: 0.54711932 | AH22: 0.53385916
A23: F2913H | B23: 5226.7 | C23: BR 3-BRSA-861-SPS | D23: F2913H | E23: 0.44 | F23: 1860.9473 | G23: 18.5 | H23: 0.018313876 | I23: 358.21104 | J23: 0.086084002 | K23: 0.034433601 | L23: 0.38387346 | M23: 0.38387346 | N23: 0 | O23: 1.2106866 | P23: 1.2106866 | Q23: 0 | R23: 4.8613754 | S23: 4.8613754 | T23: 0 | U23: 17.17994 | V23: 17.17994 | W23: 0 | X23: 2.2130799 | Y23: 2.2130799 | Z23: 0 | AA23: 4.8977227 | AB23: 4.8977227 | AC23: 0 | AD23: 4.7524969 | AE23: 4.7524969 | AF23: 0 | AG23: 0.53800785 | AH23: 0.52978509
A24: F2919V | B24: 5228.2 | C24: BR 3-BRSA-861-SPS | D24: F2919V | E24: 0.44 | F24: 401.63183 | G24: 22.458333 | H24: 1.6963073 | I24: 19.538922 | J24: 12.502419 | K24: 5.0009675 | L24: 32.018567 | M24: 7.9175829 | N24: 24.100984 | O24: 2.2206717 | P24: 1.9032557 | Q24: 29.576155 | R24: 67.01679 | S24: 16.764269 | T24: 4397.8704 | U24: 40.869271 | V24: 31.708443 | W24: 830.36606 | X24: 2.3501646 | Y24: 2.3246002 | Z24: 4.5533518 | AA24: 5.5232735 | AB24: 5.4037659 | AC24: 20.733012 | AD24: 3.601579 | AE24: 3.6368359 | AF24: 0.56307803 | AG24: 0.56384436 | AH24: 0.55498353
A25: F2934V | B25: 5232.05 | C25: BR 3-BRSA-861-SPS | D25: F2934V | E25: 0.44 | F25: 565.66629 | G25: 26.206897 | H25: 2.0363721 | I25: 63.536869 | J25: 30.446947 | K25: 12.178779 | L25: 43.17636 | M25: 20.459346 | N25: 22.717014 | O25: 2.9029506 | P25: 2.4636035 | Q25: 18.963527 | R25: 64.101719 | S25: 31.205863 | T25: 1266.628 | U25: 45.331878 | V25: 35.357989 | W25: 409.93294 | X25: 2.0496652 | Y25: 2.0126127 | Z25: 3.4041399 | AA25: 4.2011273 | AB25: 4.0506097 | AC25: 11.588168 | AD25: 2.6800331 | AE25: 2.739705 | AF25: 0.49869487 | AG25: 0.52507578 | AH25: 0.51618061
A26: F2935H | B26: 5232.25 | C26: BR 3-BRSA-861-SPS | D26: F2935H | E26: 0.44 | F26: 632.9495 | G26: 22.857143 | H26: 0.53832078 | I26: 42.052666 | J26: 8.1623395 | K26: 3.2649358 | L26: 14.998794 | M26: 6.8530093 | N26: 8.1457851 | O26: 2.2283323 | P26: 1.9895476 | Q26: 23.151841 | R26: 42.462979 | S26: 19.62292 | T26: 2043.8231 | U26: 36.62502 | V26: 28.855509 | W26: 717.42844 | X26: 2.0296508 | Y26: 1.9966227 | Z26: 4.9237456 | AA26: 4.1194825 | AB26: 3.986502 | AC26: 24.243271 | AD26: 3.0507729 | AE26: 3.0786138 | AF26: 0.6112148 | AG26: 0.56881026 | AH26: 0.55887976

Sheet microCT
A1: Whole sample | J1: Subvolume | T1: Cumulative porosity | Y1: Shape factor | AC1: Non-Archie pore size classification
A2: Sample | B2: Dimensions (pixels) | C2: mm/pixel | D2: Volume (cm³) | E2: Dry weight (g) | F2: Density (g/cm³) | G2: Laboratory Porosity (%) | H2: Porosity estimation by GeoDict (without crop) (%) | I2: Treshold | J2: Dimensions (pixels) | K2: mm/pixel | L2: Porosity estimation by GeoDict (subvolume) (%) | M2: Porosity estimation using Anselmetti approach (%) | N2: Predominance | O2: Aspect ratio variation | P2: Median pore aspect ratio | Q2: Mean pore aspect ratio | R2: Concentration of the pore size diameter (μm) | S2: Gamma | T2: Dominant pore size (µm) | U2: Average pore size diameter (µm) | V2: Accumulated porosity (%) | W2: Average pore surface area ( µm²) | X2: Median perimeter (μm) | Y2: Specific pore surface (1/µm) | Z2: Frequency distribution (1/µm) | AA2: Larger distribution (1/µm) | AB2: Approached pore shape | AC2: Mesopores (%) | AD2: Macropores (%)
A3: COQ-9 | B3: 1069 X 1042 X 1468 | C3: 3 | D3: 17.84 | E3: 32.122 | F3: 2.694 | G3: 18.638 | H3: 19.6585 | I3: 30.5 | J3: 700 X 700 X 800 | K3: 2 | L3: 18.4859 | M3: 18.0558 | N3: macro-mesopores | O3: 0.11 - 0.94 | P3: 0.55924 | Q3: 0.55714 | R3: 43.97 - 753.20 | S3: 1 - 1.47 | T3: 318.0269 | U3: 113 | V3: 9 | W3: 9 | X3: 283 | Y3: 0.0479 | Z3: 1 - 1.2 | AA3: 1 | AB3: Sphere or subspherical | AC3: 48.6 | AD3: 51.4
A4: COQ-2 | B4: 738 X 743 X 870 | C4: 3 | E4: 28.437 | F4: 2.705 | G4: 25.32 | H4: 28.3534 | I4: 36.5 | J4: 295 X 743 X 870 | K4: 3 | L4: 28.07 | M4: 27.81 | N4: macro-mesopores | O4: 0.14 - 0.93 | P4: 0.56433 | Q4: 0.56292 | R4: 900 | S4: 1 - 1.4 | T4: 12.78 | W4: 8 | X4: 28.4 | Y4: 0.02 - 0.08 | Z4: 1 | AB4: Spherical

Sheet Electrical Resistivity
G1: Rock Electical Resistivity Results | J1: Fluid Properties for Saturated Resistivity Measurements
A2: Sample | B2: Well / Location | C2: Depth (m) | D2: Well/ Location | E2: Min. Phase Frequency (Hz) to determine m coefficient | F2: Confining Pressure (psi) | G2: Resitivity (ohm-m) - Ro | H2: Cementation Factor (m coefficient) | I2: Formation Factor | J2: Fluid Type | K2: Fluid Density (g/cm³) | L2: Fluid Resistivity (Ohm-m) - Measured with the sample | M2: Fluid Temperature (°C) | N2: Fluid Salinity (ppm) | O2: Observation
A3: F7289H | B3: BR 1-BRSA-1045-SPS | C3: 5055.1 | D3: BR 1-BRSA-1045-SPS | E3: 10000 | F3: 400 | G3: 6.8172187 | H3: 2.0514184 | I3: 70.217 | J3: BFW Brine | K3: 1.201 | L3: 0.097087379 | M3: 22 | N3: 17027
A4: F7289H | B4: BR 1-BRSA-1045-SPS | C4: 5055.1 | D4: BR 1-BRSA-1045-SPS | E4: 10000 | F4: 800 | G4: 6.8727936 | H4: 2.0549 | I4: 70.79 | J4: BFW Brine | K4: 1.201 | L4: 0.097087379 | M4: 22 | N4: 17027
A5: F7289H | B5: BR 1-BRSA-1045-SPS | C5: 5055.1 | D5: BR 1-BRSA-1045-SPS | E5: 10000 | F5: 1200 | G5: 6.9945164 | H5: 2.0601202 | I5: 72.044 | J5: BFW Brine | K5: 1.201 | L5: 0.097087379 | M5: 22 | N5: 17027
A6: F7289H | B6: BR 1-BRSA-1045-SPS | C6: 5055.1 | D6: BR 1-BRSA-1045-SPS | E6: 10000 | F6: 1600 | G6: 7.0820133 | H6: 2.0637068 | I6: 72.945 | J6: BFW Brine | K6: 1.201 | L6: 0.097087379 | M6: 22 | N6: 17027
A7: F7289H | B7: BR 1-BRSA-1045-SPS | C7: 5055.1 | D7: BR 1-BRSA-1045-SPS | E7: 10000 | F7: 2000 | G7: 7.1743501 | H7: 2.0678614 | I7: 73.896 | J7: BFW Brine | K7: 1.201 | L7: 0.097087379 | M7: 22 | N7: 17027
A8: F7289H | B8: BR 1-BRSA-1045-SPS | C8: 5055.1 | D8: BR 1-BRSA-1045-SPS | E8: 10000 | F8: 2400 | G8: 7.22921 | H8: 2.0699 | I8: 74.461 | J8: BFW Brine | K8: 1.201 | L8: 0.097087379 | M8: 22 | N8: 17027
A9: F7289H | B9: BR 1-BRSA-1045-SPS | C9: 5055.1 | D9: BR 1-BRSA-1045-SPS | E9: 10000 | F9: 2800 | G9: 7.2763924 | H9: 2.0709 | I9: 74.947 | J9: BFW Brine | K9: 1.201 | L9: 0.097087379 | M9: 22 | N9: 17027
A10: F7289H | B10: BR 1-BRSA-1045-SPS | C10: 5055.1 | D10: BR 1-BRSA-1045-SPS | E10: 10000 | F10: 3200 | G10: 7.3235335 | H10: 2.0726 | I10: 75.432 | J10: BFW Brine | K10: 1.201 | L10: 0.097087379 | M10: 22 | N10: 17027
A11: F7290V | B11: BR 1-BRSA-1045-SPS | C11: 5055.2 | D11: BR 1-BRSA-1045-SPS | E11: 10000 | F11: 400 | G11: 9.7973754 | H11: 2.297 | I11: 99.345 | J11: BFW Brine | K11: 1.201 | L11: 0.098619329 | M11: 22 | N11: 17027
A12: F7290V | B12: BR 1-BRSA-1045-SPS | C12: 5055.2 | D12: BR 1-BRSA-1045-SPS | E12: 10000 | F12: 800 | G12: 10.224243 | H12: 2.3101 | I12: 103.674 | J12: BFW Brine | K12: 1.201 | L12: 0.098619329 | M12: 22 | N12: 17027
A13: F7290V | B13: BR 1-BRSA-1045-SPS | C13: 5055.2 | D13: BR 1-BRSA-1045-SPS | E13: 10000 | F13: 1200 | G13: 10.41936 | H13: 2.3128 | I13: 105.652 | J13: BFW Brine | K13: 1.201 | L13: 0.098619329 | M13: 22 | N13: 17027
A14: F7290V | B14: BR 1-BRSA-1045-SPS | C14: 5055.2 | D14: BR 1-BRSA-1045-SPS | E14: 10000 | F14: 1600 | G14: 10.645421 | H14: 2.3204 | I14: 107.945 | J14: BFW Brine | K14: 1.201 | L14: 0.098619329 | M14: 22 | N14: 17027
... A18: F7290V | B18: BR 1-BRSA-1045-SPS | C18: 5055.2 | D18: BR 1-BRSA-1045-SPS | E18: 10000 | F18: 3200 | G18: 11.288508 | H18: 2.3412 | I18: 114.465 | J18: BFW Brine | K18: 1.201 | L18: 0.098619329 | M18: 22 | N18: 17027
A19: F7291H | B19: BR 1-BRSA-1045-SPS | C19: 5055.4 | D19: BR 1-BRSA-1045-SPS | E19: NA | F19: NA | G19: NA | H19: NA | I19: NA | J19: NA | K19: NA | L19: NA | M19: NA | N19: NA
A20: F7291H | B20: BR 1-BRSA-1045-SPS | C20: 5055.4 | D20: BR 1-BRSA-1045-SPS | E20: NA | F20: NA | G20: NA | H20: NA | I20: NA | J20: NA | K20: NA | L20: NA | M20: NA | N20: NA
A21: F7291H | B21: BR 1-BRSA-1045-SPS | C21: 5055.4 | D21: BR 1-BRSA-1045-SPS | E21: NA | F21: NA | G21: NA | H21: NA | I21: NA | J21: NA | K21: NA | L21: NA | M21: NA | N21: NA
A22: F7291H | B22: BR 1-BRSA-1045-SPS | C22: 5055.4 | D22: BR 1-BRSA-1045-SPS | E22: NA | F22: NA | G22: NA | H22: NA | I22: NA | J22: NA | K22: NA | L22: NA | M22: NA | N22: NA
A23: F7291H | B23: BR 1-BRSA-1045-SPS | C23: 5055.4 | D23: BR 1-BRSA-1045-SPS | E23: NA | F23: NA | G23: NA | H23: NA | I23: NA | J23: NA | K23: NA | L23: NA | M23: NA | N23: NA
A24: F7291H | B24: BR 1-BRSA-1045-SPS | C24: 5055.4 | D24: BR 1-BRSA-1045-SPS | E24: NA | F24: NA | G24: NA | H24: NA | I24: NA | J24: NA | K24: NA | L24: NA | M24: NA | N24: NA
A25: F7291H | B25: BR 1-BRSA-1045-SPS | C25: 5055.4 | D25: BR 1-BRSA-1045-SPS | E25: NA | F25: NA | G25: NA | H25: NA | I25: NA | J25: NA | K25: NA | L25: NA | M25: NA | N25: NA
A26: F7291H | B26: BR 1-BRSA-1045-SPS | C26: 5055.4 | D26: BR 1-BRSA-1045-SPS | E26: NA | F26: NA | G26: NA | H26: NA | I26: NA | J26: NA | K26: NA | L26: NA | M26: NA | N26: NA
A27: F7292H | B27: BR 1-BRSA-1045-SPS | C27: 5055.75 | D27: BR 1-BRSA-1045-SPS | E27: 2000 | F27: 400 | G27: 4.382199 | H27: 2.138 | I27: 49.563 | J27: BFW Brine | K27: 1.201 | L27: 0.088417 | M27: 22 | N27: 17027
A28: F7292H | B28: BR 1-BRSA-1045-SPS | C28: 5055.75 | D28: BR 1-BRSA-1045-SPS | E28: 2000 | F28: 800 | G28: 4.5623286 | H28: 2.1471 | I28: 51.6 | J28: BFW Brine | K28: 1.201 | L28: 0.088417 | M28: 22 | N28: 17027
A29: F7292H | B29: BR 1-BRSA-1045-SPS | C29: 5055.75 | D29: BR 1-BRSA-1045-SPS | E29: 2000 | F29: 1200 | G29: 4.6223 | H29: 2.1448 | I29: 52.278 | J29: BFW Brine | K29: 1.201 | L29: 0.088417 | M29: 22 | N29: 17027
A30: F7292H | B30: BR 1-BRSA-1045-SPS | C30: 5055.75 | D30: BR 1-BRSA-1045-SPS | E30: 2000 | F30: 1600 | G30: 4.685559 | H30: 2.1454 | I30: 52.994 | J30: BFW Brine | K30: 1.201 | L30: 0.088417 | M30: 22 | N30: 17027
A31: F7292H | B31: BR 1-BRSA-1045-SPS | C31: 5055.75 | D31: BR 1-BRSA-1045-SPS | E31: 2000 | F31: 2000 | G31: 4.743204 | H31: 2.1483 | I31: 53.646 | J31: BFW Brine | K31: 1.201 | L31: 0.088417 | M31: 22 | N31: 17027
A32: F7292H | B32: BR 1-BRSA-1045-SPS | C32: 5055.75 | D32: BR 1-BRSA-1045-SPS | E32: 2000 | F32: 2400 | G32: 4.785522 | H32: 2.1494 | I32: 54.124 | J32: BFW Brine | K32: 1.201 | L32: 0.088417 | M32: 22 | N32: 17027
A33: F7292H | B33: BR 1-BRSA-1045-SPS | C33: 5055.75 | D33: BR 1-BRSA-1045-SPS | E33: 2000 | F33: 2800 | G33: 4.826339 | H33: 2.1501 | I33: 54.586 | J33: BFW Brine | K33: 1.201 | L33: 0.088417 | M33: 22 | N33: 17027
A34: F7292H | B34: BR 1-BRSA-1045-SPS | C34: 5055.75 | D34: BR 1-BRSA-1045-SPS | E34: 1000 | F34: 3200 | G34: 7.4804475 | H34: 2.3826 | I34: 84.604 | J34: BFW Brine | K34: 1.201 | L34: 0.088417 | M34: 22 | N34: 17027
A35: F7293H | B35: BR 1-BRSA-1045-SPS | C35: 5056.1 | D35: BR 1-BRSA-1045-SPS | E35: 5000 | F35: 400 | G35: 6.272855 | H35: 1.97791 | I35: 60.53 | J35: BFW Brine | K35: 1.201 | L35: 0.1036 | M35: 22 | N35: 17027
A36: F7293H | B36: BR 1-BRSA-1045-SPS | C36: 5056.1 | D36: BR 1-BRSA-1045-SPS | E36: 5000 | F36: 800 | G36: 6.33957 | H36: 1.97462 | I36: 61.177 | J36: BFW Brine | K36: 1.201 | L36: 0.1036 | M36: 22 | N36: 17027
A37: F7293H | B37: BR 1-BRSA-1045-SPS | C37: 5056.1 | D37: BR 1-BRSA-1045-SPS | E37: 5000 | F37: 1200 | G37: 6.4495202 | H37: 1.9751 | I37: 62.238 | J37: BFW Brine | K37: 1.201 | L37: 0.1036 | M37: 22 | N37: 17027
A38: F7293H | B38: BR 1-BRSA-1045-SPS | C38: 5056.1 | D38: BR 1-BRSA-1045-SPS | E38: 5000 | F38: 1600 | G38: 6.57095 | H38: 1.9787 | I38: 63.41 | J38: BFW Brine | K38: 1.201 | L38: 0.1036 | M38: 22 | N38: 17027
... A74: F7297H | B74: BR 1-BRSA-1045-SPS | C74: 5056.95 | D74: BR 1-BRSA-1045-SPS | E74: 500 | F74: 3200 | G74: 15.60812 | H74: 1.9876585 | I74: 122.635 | J74: BFW Brine | K74: 1.201 | L74: 0.127273 | M74: 22 | N74: 17027
A75: A17 | B75: Morro do Chaves Fm. | D75: Morro do Chaves Fm. | E75: 1000 | F75: 400 | G75: 5.8073895 | H75: 1.9184305 | I75: 60.687221 | J75: BFW Brine | K75: 1.201 | L75: 0.09569378 | M75: 22 | N75: 17027
A76: A17 | B76: Morro do Chaves Fm. | D76: Morro do Chaves Fm. | E76: 1000 | F76: 800 | G76: 7.5736903 | H76: 2.0302285 | I76: 79.145064 | J76: BFW Brine | K76: 1.201 | L76: 0.09569378 | M76: 22 | N76: 17027
A77: A17 | B77: Morro do Chaves Fm. | D77: Morro do Chaves Fm. | E77: 1000 | F77: 1200 | G77: 7.8126 | H77: 2.0370359 | I77: 81.64167 | J77: BFW Brine | K77: 1.201 | L77: 0.09569378 | M77: 22 | N77: 17027
A78: A17 | B78: Morro do Chaves Fm. | D78: Morro do Chaves Fm. | E78: 1000 | F78: 1600 | G78: 7.9513397 | H78: 2.0387884 | I78: 83.091499 | J78: BFW Brine | K78: 1.201 | L78: 0.09569378 | M78: 22 | N78: 17027
A79: A17 | B79: Morro do Chaves Fm. | D79: Morro do Chaves Fm. | E79: 1000 | F79: 2000 | G79: 8.1055863 | H79: 2.0440575 | I79: 84.703377 | J79: BFW Brine | K79: 1.201 | L79: 0.09569378 | M79: 22 | N79: 17027
A80: A17 | B80: Morro do Chaves Fm. | D80: Morro do Chaves Fm. | E80: 1000 | F80: 2400 | G80: 8.3111679 | H80: 2.0509614 | I80: 86.851705 | J80: BFW Brine | K80: 1.201 | L80: 0.09569378 | M80: 22 | N80: 17027
A81: A17 | B81: Morro do Chaves Fm. | D81: Morro do Chaves Fm. | E81: 1000 | F81: 2800 | G81: 5.9311195 | H81: 1.8932881 | I81: 61.980199 | J81: BFW Brine | K81: 1.201 | L81: 0.09569378 | M81: 22 | N81: 17027
A82: A17 | B82: Morro do Chaves Fm. | D82: Morro do Chaves Fm. | E82: 1000 | F82: 3200 | G82: 5.930003 | H82: 1.8888571 | I82: 61.968531 | J82: BFW Brine | K82: 1.201 | L82: 0.09569378 | M82: 22 | N82: 17027
A83: A18 | B83: Morro do Chaves Fm. | D83: Morro do Chaves Fm. | E83: 1000 | F83: 400 | G83: 7.6467954 | H83: 2.2420639 | I83: 84.569734 | J83: BFW Brine | K83: 1.201 | L83: 0.09042 | M83: 22 | N83: 17027
A84: A18 | B84: Morro do Chaves Fm. | D84: Morro do Chaves Fm. | E84: 1000 | F84: 800 | G84: 6.3650323 | H84: 2.1366741 | I84: 70.394076 | J84: BFW Brine | K84: 1.201 | L84: 0.09042 | M84: 22 | N84: 17027
A85: A18 | B85: Morro do Chaves Fm. | D85: Morro do Chaves Fm. | E85: 5000 | F85: 1200 | G85: 4.0049539 | H85: 1.8946825 | I85: 44.292788 | J85: BFW Brine | K85: 1.201 | L85: 0.09042 | M85: 22 | N85: 17027
A86: A18 | B86: Morro do Chaves Fm. | D86: Morro do Chaves Fm. | E86: 2000 | F86: 1600 | G86: 4.0011879 | H86: 1.8875791 | I86: 44.251138 | J86: BFW Brine | K86: 1.201 | L86: 0.09042 | M86: 22 | N86: 17027
... A97: A18-1 | B97: Morro do Chaves Fm. | D97: Morro do Chaves Fm. | E97: 10000 | F97: 2800 | G97: 3.7267819 | H97: 1.8229169 | I97: 33.05643 | J97: BFW Brine | K97: 1.201 | L97: 0.11274 | M97: 22 | N97: 17027
A98: A18-1 | B98: Morro do Chaves Fm. | D98: Morro do Chaves Fm. | E98: NA | F98: 3200 | G98: NA | H98: NA | I98: NA | J98: NA | K98: NA | L98: NA | M98: NA | N98: NA
A99: A18-2 | B99: Morro do Chaves Fm. | D99: Morro do Chaves Fm. | E99: 20000 | F99: 400 | G99: 2.1336688 | H99: 1.5807184 | I99: 18.92557 | J99: BFW Brine | K99: 1.201 | L99: 0.11274 | M99: 22 | N99: 17027
A100: A18-2 | B100: Morro do Chaves Fm. | D100: Morro do Chaves Fm. | E100: 20000 | F100: 800 | G100: 1.7974777 | H100: 1.475723 | I100: 15.943567 | J100: BFW Brine | K100: 1.201 | L100: 0.11274 | M100: 22 | N100: 17027
A101: A18-2 | B101: Morro do Chaves Fm. | D101: Morro do Chaves Fm. | E101: 20000 | F101: 1200 | G101: 1.9351556 | H101: 1.5087294 | I101: 17.164765 | J101: BFW Brine | K101: 1.201 | L101: 0.11274 | M101: 22 | N101: 17027
A102: A18-2 | B102: Morro do Chaves Fm. | D102: Morro do Chaves Fm. | E102: 20000 | F102: 1600 | G102: 1.8903737 | H102: 1.491503 | I102: 16.767551 | J102: BFW Brine | K102: 1.201 | L102: 0.11274 | M102: 22 | N102: 17027
A103: A18-2 | B103: Morro do Chaves Fm. | D103: Morro do Chaves Fm. | E103: 20000 | F103: 2000 | G103: 1.7950394 | H103: 1.460455 | I103: 15.921939 | J103: BFW Brine | K103: 1.201 | L103: 0.11274 | M103: 22 | N103: 17027
A104: A18-2 | B104: Morro do Chaves Fm. | D104: Morro do Chaves Fm. | E104: 20000 | F104: 2400 | G104: 1.8525553 | H104: 1.4736657 | I104: 16.432103 | J104: BFW Brine | K104: 1.201 | L104: 0.11274 | M104: 22 | N104: 17027
A105: A18-2 | B105: Morro do Chaves Fm. | D105: Morro do Chaves Fm. | E105: 20000 | F105: 2800 | G105: 1.8777438 | H105: 1.4775967 | I105: 16.655524 | J105: BFW Brine | K105: 1.201 | L105: 0.11274 | M105: 22 | N105: 17027
A106: A18-2 | B106: Morro do Chaves Fm. | D106: Morro do Chaves Fm. | E106: 20000 | F106: 3200 | G106: 1.9198074 | H106: 1.4864223 | I106: 17.028627 | J106: BFW Brine | K106: 1.201 | L106: 0.11274 | M106: 22 | N106: 17027
A107: A18-3 | B107: Morro do Chaves Fm. | D107: Morro do Chaves Fm. | E107: 20000 | F107: 400 | G107: 1.9450338 | H107: 1.5161387 | I107: 17.252384 | J107: BFW Brine | K107: 1.201 | L107: 0.11274 | M107: 22 | N107: 17027
A108: A18-3 | B108: Morro do Chaves Fm. | D108: Morro do Chaves Fm. | E108: 20000 | F108: 800 | G108: 2.086101 | H108: 1.543811 | I108: 18.503646 | J108: BFW Brine | K108: 1.201 | L108: 0.11274 | M108: 22 | N108: 17027
A109: A18-3 | B109: Morro do Chaves Fm. | D109: Morro do Chaves Fm. | E109: 50000 | F109: 1200 | G109: 2.1604411 | H109: 1.5544556 | I109: 19.16304 | J109: BFW Brine | K109: 1.201 | L109: 0.11274 | M109: 22 | N109: 17027
A110: A18-3 | B110: Morro do Chaves Fm. | D110: Morro do Chaves Fm. | E110: 50000 | F110: 1600 | G110: 2.2199 | H110: 1.562945 | I110: 19.690439 | J110: BFW Brine | K110: 1.201 | L110: 0.11274 | M110: 22 | N110: 17027
... A146: Coq 18-4 | B146: Morro do Chaves Fm. | D146: Morro do Chaves Fm. | E146: 5000 | F146: 3200 | G146: 6.5827959 | H146: 2.0128559 | I146: 74.122237 | J146: BFW Brine | K146: 1.201 | L146: 0.08881 | M146: 22 | N146: 17027
A147: Coq 2 | B147: Morro do Chaves Fm. | D147: Morro do Chaves Fm. | E147: 20000 | F147: 400 | G147: 1.4073282 | H147: NA | I147: NA | J147: BFW Brine | K147: 1.201 | L147: NA | M147: NA | N147: NA
A148: Coq 2 | B148: Morro do Chaves Fm. | D148: Morro do Chaves Fm. | E148: 20000 | F148: 800 | G148: 1.5191293 | H148: NA | I148: NA | J148: BFW Brine | K148: 1.201 | L148: NA | M148: NA | N148: NA
A149: Coq 2 | B149: Morro do Chaves Fm. | D149: Morro do Chaves Fm. | E149: 20000 | F149: 1200 | G149: NA | H149: NA | I149: NA | J149: BFW Brine | K149: 1.201 | L149: NA | M149: NA | N149: NA
A150: Coq 2 | B150: Morro do Chaves Fm. | D150: Morro do Chaves Fm. | E150: 20000 | F150: 1600 | G150: NA | H150: NA | I150: NA | J150: BFW Brine | K150: 1.201 | L150: NA | M150: NA | N150: NA
A151: Coq 2 | B151: Morro do Chaves Fm. | D151: Morro do Chaves Fm. | E151: 20000 | F151: 2000 | G151: NA | H151: NA | I151: NA | J151: BFW Brine | K151: 1.201 | L151: NA | M151: NA | N151: NA
A152: Coq 2 | B152: Morro do Chaves Fm. | D152: Morro do Chaves Fm. | E152: 20000 | F152: 2400 | G152: NA | H152: NA | I152: NA | J152: BFW Brine | K152: 1.201 | L152: NA | M152: NA | N152: NA
A153: Coq 2 | B153: Morro do Chaves Fm. | D153: Morro do Chaves Fm. | E153: 20000 | F153: 2800 | G153: NA | H153: NA | I153: NA | J153: BFW Brine | K153: 1.201 | L153: NA | M153: NA | N153: NA
A154: Coq 2 | B154: Morro do Chaves Fm. | D154: Morro do Chaves Fm. | E154: 20000 | F154: 3200 | G154: NA | H154: NA | I154: NA | J154: BFW Brine | K154: 1.201 | L154: NA | M154: NA | N154: NA
A155: Coq 3 | B155: Morro do Chaves Fm. | D155: Morro do Chaves Fm. | E155: 5000 | F155: 400 | G155: 9.5631289 | H155: 1.7824999 | I155: 63.116651 | J155: BFW Brine | K155: 1.201 | L155: 0.15151515 | M155: 22 | N155: 17027
A156: Coq 3 | B156: Morro do Chaves Fm. | D156: Morro do Chaves Fm. | E156: 5000 | F156: 800 | G156: 8.4378609 | H156: 1.699714 | I156: 55.689882 | J156: BFW Brine | K156: 1.201 | L156: 0.15151515 | M156: 22 | N156: 17027
A157: Coq 3 | B157: Morro do Chaves Fm. | D157: Morro do Chaves Fm. | E157: 2000 | F157: 1200 | G157: 9.2458308 | H157: 1.7250128 | I157: 61.022483 | J157: BFW Brine | K157: 1.201 | L157: 0.15151515 | M157: 22 | N157: 17027
A158: Coq 3 | B158: Morro do Chaves Fm. | D158: Morro do Chaves Fm. | E158: 2000 | F158: 1600 | G158: 10.019624 | H158: 1.7464757 | I158: 66.12952 | J158: BFW Brine | K158: 1.201 | L158: 0.15151515 | M158: 22 | N158: 17027
A159: Coq 3 | B159: Morro do Chaves Fm. | D159: Morro do Chaves Fm. | E159: 2000 | F159: 2000 | G159: 10.033497 | H159: 1.7299272 | I159: 66.221082 | J159: BFW Brine | K159: 1.201 | L159: 0.15151515 | M159: 22 | N159: 17027
A160: Coq 3 | B160: Morro do Chaves Fm. | D160: Morro do Chaves Fm. | E160: 1000 | F160: 2400 | G160: 9.2436738 | H160: 1.6957805 | I160: 61.008247 | J160: BFW Brine | K160: 1.201 | L160: 0.15151515 | M160: 22 | N160: 17027
A161: Coq 3 | B161: Morro do Chaves Fm. | D161: Morro do Chaves Fm. | E161: 50000 | F161: 2800 | G161: 13.551975 | H161: 1.8410124 | I161: 89.443037 | J161: BFW Brine | K161: 1.201 | L161: 0.15151515 | M161: 22 | N161: 17027
A162: Coq 3 | B162: Morro do Chaves Fm. | D162: Morro do Chaves Fm. | E162: 2000 | F162: 3200 | G162: 9.2804119 | H162: 1.6856515 | I162: 61.250718 | J162: BFW Brine | K162: 1.201 | L162: 0.15151515 | M162: 22 | N162: 17027
A163: G32 | B163: Morro do Chaves Fm. | D163: Morro do Chaves Fm. | E163: 20000 | F163: 400 | G163: 3.0940656 | H163: 1.4969217 | I163: 20.637423 | J163: BFW Brine | K163: 1.201 | L163: 0.149925 | M163: 22 | N163: 17027
A164: G32 | B164: Morro do Chaves Fm. | D164: Morro do Chaves Fm. | E164: 20000 | F164: 800 | G164: 3.2355576 | H164: 1.519346 | I164: 21.581174 | J164: BFW Brine | K164: 1.201 | L164: 0.149925 | M164: 22 | N164: 17027
A165: G32 | B165: Morro do Chaves Fm. | D165: Morro do Chaves Fm. | E165: 20000 | F165: 1200 | G165: 3.3220344 | H165: 1.5269767 | I165: 22.157975 | J165: BFW Brine | K165: 1.201 | L165: 0.149925 | M165: 22 | N165: 17027
A166: G32 | B166: Morro do Chaves Fm. | D166: Morro do Chaves Fm. | E166: 20000 | F166: 1600 | G166: 3.4883703 | H166: 1.5463447 | I166: 23.267436 | J166: BFW Brine | K166: 1.201 | L166: 0.149925 | M166: 22 | N166: 17027
... A178: R12 | B178: Morro do Chaves Fm. | D178: Morro do Chaves Fm. | E178: 20000 | F178: 3200 | G178: 2.3698346 | H178: 1.5494494 | I178: 18.620151 | J178: BFW Brine | K178: 1.201 | L178: 0.12727258 | M178: 22 | N178: 17027

Sheet Thermal Properties
A1: Name | B1: Depth (m) | C1: Well / Location | D1: Porosity (%) - Plug | E1: Grain Density | F1: Bulk Density | G1: Thermal diffusivity | H1: Volumetric heat capacity | I1: Thermal conductivity | J1: Thermal effusivity | K1: Method | L1: Texture | M1: Condition
D2: Unconfined | E2: g/cm³ | F2: (g/cm³) | G2: (m2/s) | H2: (J m-3K-1) | I2: (W/mK) | J2: (Ws1/2m-2K-1)
A3: F7286H | B3: 5054.3 | C3: BR 1-BRSA-1045-SPS | D3: 3.8847989 | E3: 2.867 | F3: 2.7556695 | G3: 2.58e-06 | H3: 730000 | I3: 1.88 | J3: 1170 | K3: Photothermal | L3: Stromatolite (arbustiform) | M3: Dry
A4: F7287H | B4: 5054.55 | C4: BR 1-BRSA-1045-SPS | D4: 13.435347 | E4: 2.724 | F4: 2.3581825 | G4: 2.7e-06 | H4: 650000 | I4: 1.8 | J4: 1080 | K4: Photothermal | L4: Stromatolite | M4: Dry
A5: F7288H | B5: 5054.8 | C5: BR 1-BRSA-1045-SPS | D5: 12.403951 | E5: 2.735 | F5: 2.3959009 | G5: 5.41e-06 | H5: 665000 | I5: 3.6 | J5: 1550 | K5: Photothermal | L5: Grainstone | M5: Dry
A6: F7289H | B6: 5055.1 | C6: BR 1-BRSA-1045-SPS | D6: 12.734732 | E6: 2.72 | F6: 2.3737682 | G6: 3.5e-06 | H6: 770000 | I6: 2.7 | J6: 1450 | K6: Photothermal | L6: Grainstone | M6: Dry
A7: F7292H | B7: 5055.75 | C7: BR 1-BRSA-1045-SPS | D7: 16.220505 | E7: 2.72 | F7: 2.2789971 | G7: 2.37e-06 | H7: 780000 | I7: 1.85 | J7: 1200 | K7: Photothermal | L7: Grainstone | M7: Dry
A8: F7293H | B8: 5056.1 | C8: BR 1-BRSA-1045-SPS | D8: 12.576504 | E8: 2.714 | F8: 2.3728247 | G8: 4.3e-06 | H8: 600000 | I8: 2.6 | J8: 1230 | K8: Photothermal | L8: Grainstone | M8: Dry
A9: F7294H | B9: 5056.4 | C9: BR 1-BRSA-1045-SPS | D9: 18.114045 | E9: 2.739 | F9: 2.2430739 | G9: 1.1e-06 | H9: 691000 | I9: 0.76 | J9: 726 | K9: Photothermal | L9: Grainstone | M9: Dry
A10: F7296H | B10: 5056.65 | C10: BR 1-BRSA-1045-SPS | D10: 10.541453 | E10: 2.757 | F10: 2.4664988 | G10: 2.4e-06 | H10: 708000 | I10: 1.7 | J10: 1100 | K10: Photothermal | L10: Stromatolite (arbustiform) | M10: Dry
A11: F7297H | B11: 5056.95 | C11: BR 1-BRSA-1045-SPS | D11: 9.6542884 | E11: 2.745 | F11: 2.4801057 | G11: 3.14e-06 | H11: 834000 | I11: 2.62 | J11: 1480 | K11: Photothermal | L11: Stromatolite (arbustiform) | M11: Dry
A12: F2853H | B12: 5211.8 | C12: BR 3-BRSA-861-SPS | D12: 2.761 | E12: 2.701 | F12: 2.626 | G12: 1.42e-06 | I12: 2.72 | J12: 2280 | K12: Transient | L12: Laminite | M12: Dry
A13: F2858V | B13: 5212.75 | C13: BR 3-BRSA-861-SPS | D13: 7.28 | E13: 2.713 | F13: 2.516 | G13: 1.29e-06 | I13: 2.4 | J13: 2130 | K13: Transient | L13: Spherulites | M13: Dry
A14: F2868H | B14: 5215.2 | C14: BR 3-BRSA-861-SPS | D14: 8.86 | E14: 2.631 | F14: 2.398 | G14: 1.06e-06 | I14: 1.94 | J14: 1880 | K14: Transient | L14: Grainstone | M14: Dry
A15: F2889H | B15: 5220.2 | C15: BR 3-BRSA-861-SPS | D15: 6.411 | E15: 2.718 | F15: 2.544 | G15: 1.29e-06 | I15: 2.4 | J15: 2140 | K15: Transient | L15: Grainstone | M15: Dry
A16: F2908H | B16: 5225.25 | C16: BR 3-BRSA-861-SPS | D16: 12.889 | E16: 2.766 | F16: 2.41 | G16: 1.42e-06 | I16: 2.73 | J16: 2290 | K16: Transient | L16: Shurbs (Stromatolite) | M16: Dry
A17: F2914H | B17: 5227 | C17: BR 3-BRSA-861-SPS | D17: 10.938 | E17: 2.729 | F17: 2.431 | G17: 1.11e-06 | I17: 2.03 | J17: 1930 | K17: Transient | L17: Spherulites | M17: Dry
A18: F2928V | B18: 5230.5 | C18: BR 3-BRSA-861-SPS | D18: 19.657 | E18: 2.713 | F18: 2.18 | G18: 1.05e-06 | I18: 1.92 | J18: 1870 | K18: Transient | L18: Shurbs (Stromatolite) | M18: Dry
A19: F2934V | B19: 5232.05 | C19: BR 3-BRSA-861-SPS | D19: 14.671 | E19: 2.706 | F19: 2.309 | G19: 7.7e-07 | I19: 1.4 | J19: 1600 | K19: Transient | L19: Shurbs (Stromatolite) | M19: Dry
A20: Coq 9 | C20: Morro do Chaves Fm. | D20: 18.6382 | G20: 1.11e-06 | I20: 2.05 | J20: 1940 | K20: Transient | L20: Shellstone | M20: Dry
A21: R-12 | C21: Morro do Chaves Fm. | D21: 16.3504 | G21: 1.05e-06 | I21: 1.92 | J21: 1870 | K21: Transient | L21: Rudstone | M21: Dry
A22: Coq 10-A | C22: Morro do Chaves Fm. | D22: 13.4544 | G22: 8.86e-07 | I22: 1.6 | J22: 1700 | K22: Transient | M22: Dry
A23: G-32 1.5" | C23: Morro do Chaves Fm. | D23: 13.946 | G23: 9.86e-07 | I23: 1.79 | J23: 1810 | K23: Transient | L23: Rudstone | M23: Dry
A24: Coq 2 | C24: Morro do Chaves Fm. | D24: 23.561 | G24: 8.33e-07 | I24: 1.51 | J24: 1660 | K24: Transient | L24: Rudstone | M24: Dry
A25: A1 - LS | C25: Lagoa Salgada | D25: 41.6438 | G25: 2,22E-07 | I25: 3,20E-01 | J25: 6,70E+02 | K25: Transient | M25: Dry
A26: A2 - LS | C26: Lagoa Salgada | D26: 26.9248 | G26: 4,43E-07 | I26: 7,00E-01 | J26: 1,05E+03 | K26: Transient | M26: Dry
A27: A3 - LS | C27: Lagoa Salgada | D27: 3.5648 | G27: 5,80E-07 | I27: 1,08E+00 | J27: 1,42E+03 | K27: Transient | M27: Dry
A28: A4 - LS | C28: Lagoa Salgada | D28: 31.2762 | G28: 5,39E-07 | I28: 9,10E-01 | J28: 1,24E+03 | K28: Transient | M28: Dry

Sheet Compressibility
D1: Cpc (1/GPa) | G1: Cbc (1/GPa) | J1: f=a*(Pc)b | N1: kg=a*(Pc)-b
A2: Sample | B2: Depth (m) | C2: Well/ Location | D2: Pc(Mpa) | E2: Pc(Gpa) | G2: Pc(Mpa) | H2: Pc(Gpa) | J2: a | K2: b | L2: Pc (Mpa) | M2: Phi (%) | N2: a | O2: b | P2: Pc (Mpa) | Q2: Kg (mD) | R2: Kdry | S2: Kmin | T2: Biot Coef. | U2: Dinamic Compressibility (1/GPa)
A3: F7289H | B3: 5055.1 | C3: BR 1-BRSA-1045-SPS | D3: 2.757904 | E3: =D3/1000 -> 0.002757904 | F3: =0.011/E3 -> 3.9885362 | G3: 2.76 | H3: 0.003 | I3: 0.3625942 | J3: 12.789 | K3: -0.009 | L3: 2.757904 | M3: 12.672765 | N3: 7.021 | O3: 0.031 | P3: 2.757904 | Q3: 6.8036352 | R3: =1/I3 -> 2.757904 | S3: 33.868 | T3: 0.91856903
A4: F7289H | B4: 5055.1 | C4: BR 1-BRSA-1045-SPS | D4: 5.515808 | E4: =D4/1000 -> 0.005515808 | F4: =0.011/E4 -> 1.9942681 | G4: 5.52 | H4: 0.006 | I4: 0.1812971 | J4: 12.789 | K4: -0.009 | L4: 5.515808 | M4: 12.593954 | N4: 7.021 | O4: 0.031 | P4: 5.515808 | Q4: 6.6590011 | R4: =1/I4 -> 5.515808 | S4: 33.868 | T4: 0.83713807 | U4: 0.032155827
A5: F7289H | B5: 5055.1 | C5: BR 1-BRSA-1045-SPS | D5: 8.273712 | E5: =D5/1000 -> 0.008273712 | F5: =0.011/E5 -> 1.3295121 | G5: 8.27 | H5: 0.008 | I5: 0.12086473 | J5: 12.789 | K5: -0.009 | L5: 8.273712 | M5: 12.54808 | N5: 7.021 | O5: 0.031 | P5: 8.273712 | Q5: 6.5758252 | R5: =1/I5 -> 8.273712 | S5: 33.868 | T5: 0.7557071 | U5: 0.030009535
A6: F7289H | B6: 5055.1 | C6: BR 1-BRSA-1045-SPS | D6: 11.031616 | E6: =D6/1000 -> 0.011031616 | F6: =0.011/E6 -> 0.99713406 | G6: 11.03 | H6: 0.011 | I6: 0.09064855 | J6: 12.789 | K6: -0.009 | L6: 11.031616 | M6: 12.515633 | N6: 7.021 | O6: 0.031 | P6: 11.031616 | Q6: 6.5174418 | R6: =1/I6 -> 11.031616 | S6: 33.868 | T6: 0.67427613 | U6: 0.029024505
A7: F7289H | B7: 5055.1 | C7: BR 1-BRSA-1045-SPS | D7: 13.78952 | E7: =D7/1000 -> 0.01378952 | F7: =0.011/E7 -> 0.79770724 | G7: 13.79 | H7: 0.014 | I7: 0.07251884 | J7: 12.789 | K7: -0.009 | L7: 13.78952 | M7: 12.490524 | N7: 7.021 | O7: 0.031 | P7: 13.78952 | Q7: 6.4725133 | R7: =1/I7 -> 13.78952 | S7: 33.868 | T7: 0.59284516 | U7: 0.028276352
A8: F7289H | B8: 5055.1 | C8: BR 1-BRSA-1045-SPS | D8: 16.547424 | E8: =D8/1000 -> 0.016547424 | F8: =0.011/E8 -> 0.66475604 | G8: 16.55 | H8: 0.017 | I8: 0.060432367 | J8: 12.789 | K8: -0.009 | L8: 16.547424 | M8: 12.470045 | N8: 7.021 | O8: 0.031 | P8: 16.547424 | Q8: 6.436034 | R8: =1/I8 -> 16.547424 | S8: 33.868 | T8: 0.5114142 | U8: 0.027676243
A9: F7289H | B9: 5055.1 | C9: BR 1-BRSA-1045-SPS | D9: 19.305328 | E9: =D9/1000 -> 0.019305328 | F9: =0.011/E9 -> 0.56979089 | G9: 19.31 | H9: 0.019 | I9: 0.051799172 | J9: 12.789 | K9: -0.009 | L9: 19.305328 | M9: 12.452756 | N9: 7.021 | O9: 0.031 | P9: 19.305328 | Q9: 6.4053517 | R9: =1/I9 -> 19.305328 | S9: 33.868 | T9: 0.42998323 | U9: 0.026871073
A10: F7289H | B10: 5055.1 | C10: BR 1-BRSA-1045-SPS | D10: 22.063232 | E10: =D10/1000 -> 0.022063232 | F10: =0.011/E10 -> 0.49856703 | G10: 22.06 | H10: 0.022 | I10: 0.045324275 | J10: 12.789 | K10: -0.009 | L10: 22.063232 | M10: 12.4378 | N10: 7.021 | O10: 0.031 | P10: 22.063232 | Q10: 6.3788917 | R10: =1/I10 -> 22.063232 | S10: 33.868 | T10: 0.34855226 | U10: 0.026455725
A11: F7290V | B11: 5055.2 | C11: BR 1-BRSA-1045-SPS | D11: 2.757904 | E11: =D11/1000 -> 0.002757904 | F11: 4.7137246 | G11: 2.76 | H11: 0.003 | I11: 0.7251884 | J11: 13.667 | K11: -0.011 | L11: 2.757904 | M11: 13.515335 | N11: 4.898 | O11: 0.048 | P11: 2.757904 | Q11: 4.6652077 | R11: =1/I11 -> 1.378952 | S11: 42.458 | T11: 0.96752197
A12: F7290V | B12: 5055.2 | C12: BR 1-BRSA-1045-SPS | D12: 5.515808 | E12: =D12/1000 -> 0.005515808 | F12: 2.3568623 | G12: 5.52 | H12: 0.006 | I12: 0.3625942 | J12: 13.667 | K12: -0.011 | L12: 5.515808 | M12: 13.412678 | N12: 4.898 | O12: 0.048 | P12: 5.515808 | Q12: 4.512545 | R12: =1/I12 -> 2.757904 | S12: 42.458 | T12: 0.93504395 | U12: 0.04607454
A13: F7290V | B13: 5055.2 | C13: BR 1-BRSA-1045-SPS | D13: 8.273712 | E13: =D13/1000 -> 0.008273712 | F13: 1.5712415 | G13: 8.27 | H13: 0.008 | I13: 0.24172947 | J13: 13.667 | K13: -0.011 | L13: 8.273712 | M13: 13.352989 | N13: 4.898 | O13: 0.048 | P13: 8.273712 | Q13: 4.4255695 | R13: =1/I13 -> 4.136856 | S13: 42.458 | T13: 0.90256592 | U13: 0.037895237
A14: F7290V | B14: 5055.2 | C14: BR 1-BRSA-1045-SPS | D14: 11.031616 | E14: =D14/1000 -> 0.011031616 | F14: 1.1784312 | G14: 11.03 | H14: 0.011 | I14: 0.1812971 | J14: 13.667 | K14: -0.011 | L14: 11.031616 | M14: 13.3108 | N14: 4.898 | O14: 0.048 | P14: 11.031616 | Q14: 4.3648779 | R14: =1/I14 -> 5.515808 | S14: 42.458 | T14: 0.8700879 | U14: 0.034477024
A15: F7290V | B15: 5055.2 | C15: BR 1-BRSA-1045-SPS | D15: 13.78952 | E15: =D15/1000 -> 0.01378952 | F15: 0.94274493 | G15: 13.79 | H15: 0.014 | I15: 0.14503768 | J15: 13.667 | K15: -0.011 | L15: 13.78952 | M15: 13.278168 | N15: 4.898 | O15: 0.048 | P15: 13.78952 | Q15: 4.3183757 | R15: =1/I15 -> 6.89476 | S15: 42.458 | T15: 0.83760987 | U15: 0.033163242
A16: F7290V | B16: 5055.2 | C16: BR 1-BRSA-1045-SPS | D16: 16.547424 | E16: =D16/1000 -> 0.016547424 | F16: 0.78562077 | G16: 16.55 | H16: 0.017 | I16: 0.12086473 | J16: 13.667 | K16: -0.011 | L16: 16.547424 | M16: 13.251565 | N16: 4.898 | O16: 0.048 | P16: 16.547424 | Q16: 4.2807486 | R16: =1/I16 -> 8.273712 | S16: 42.458 | T16: 0.80513185 | U16: 0.032034115
A17: F7290V | B17: 5055.2 | C17: BR 1-BRSA-1045-SPS | D17: 19.305328 | E17: =D17/1000 -> 0.019305328 | F17: 0.67338923 | G17: 19.31 | H17: 0.019 | I17: 0.10359834 | J17: 13.667 | K17: -0.011 | L17: 19.305328 | M17: 13.229114 | N17: 4.898 | O17: 0.048 | P17: 19.305328 | Q17: 4.2491912 | R17: =1/I17 -> 9.652664 | S17: 42.458 | T17: 0.77265382 | U17: 0.031550411
A18: F7290V | B18: 5055.2 | C18: BR 1-BRSA-1045-SPS | D18: 22.063232 | E18: =D18/1000 -> 0.022063232 | F18: 0.58921558 | G18: 22.06 | H18: 0.022 | I18: 0.09064855 | J18: 13.667 | K18: -0.011 | L18: 22.063232 | M18: 13.209696 | N18: 4.898 | O18: 0.048 | P18: 22.063232 | Q18: 4.2220431 | R18: =1/I18 -> 11.031616 | S18: 42.458 | T18: 0.7401758 | U18: 0.031141811
A19: F7292H | B19: 5055.75 | C19: BR 1-BRSA-1045-SPS | D19: 2.757904 | E19: =D19/1000 -> 0.002757904 | F19: 7.9770724 | G19: 2.76 | H19: 0.003 | I19: 1.088 | J19: 16.415 | K19: -0.018 | L19: 2.757904 | M19: 16.117974 | N19: 3.949 | O19: 0.056 | P19: 2.757904 | Q19: 3.7309094 | R19: =1/I19 -> 0.91911765 | S19: 37.271 | T19: 0.9753396
A20: F7292H | B20: 5055.75 | C20: BR 1-BRSA-1045-SPS | D20: 5.515808 | E20: =D20/1000 -> 0.005515808 | F20: 3.9885362 | G20: 5.52 | H20: 0.006 | I20: 0.5439 | J20: 16.415 | K20: -0.018 | L20: 5.515808 | M20: 15.918125 | N20: 3.949 | O20: 0.056 | P20: 5.515808 | Q20: 3.5888642 | R20: =1/I20 -> 1.8385733 | S20: 37.271 | T20: 0.95067014 | U20: 0.027609468
A21: F7292H | B21: 5055.75 | C21: BR 1-BRSA-1045-SPS | D21: 8.273712 | E21: =D21/1000 -> 0.008273712 | F21: 2.6590241 | G21: 8.27 | H21: 0.008 | I21: 0.3626 | J21: 16.415 | K21: -0.018 | L21: 8.273712 | M21: 15.802372 | N21: 3.949 | O21: 0.056 | P21: 8.273712 | Q21: 3.5082934 | R21: =1/I21 -> 2.7578599 | S21: 37.271 | T21: 0.92600521 | U21: 0.026613112
A22: F7292H | B22: 5055.75 | C22: BR 1-BRSA-1045-SPS | D22: 11.031616 | E22: =D22/1000 -> 0.011031616 | F22: 1.9942681 | G22: 11.03 | H22: 0.011 | I22: 0.2719 | J22: 16.415 | K22: -0.018 | L22: 11.031616 | M22: 15.720754 | N22: 3.949 | O22: 0.056 | P22: 11.031616 | Q22: 3.452227 | R22: =1/I22 -> 3.6778227 | S22: 37.271 | T22: 0.90132213 | U22: 0.026272149
A23: F7292H | B23: 5055.75 | C23: BR 1-BRSA-1045-SPS | D23: 13.78952 | E23: =D23/1000 -> 0.01378952 | F23: 1.5954145 | G23: 13.79 | H23: 0.014 | I23: 0.2176 | J23: 16.415 | K23: -0.018 | L23: 13.78952 | M23: 15.657737 | N23: 3.949 | O23: 0.056 | P23: 13.78952 | Q23: 3.4093562 | R23: =1/I23 -> 4.5955882 | S23: 37.271 | T23: 0.87669802 | U23: 0.025940944
A24: F7292H | B24: 5055.75 | C24: BR 1-BRSA-1045-SPS | D24: 16.547424 | E24: =D24/1000 -> 0.016547424 | F24: 1.3295121 | G24: 16.55 | H24: 0.017 | I24: 0.1813 | J24: 16.415 | K24: -0.018 | L24: 16.547424 | M24: 15.606436 | N24: 3.949 | O24: 0.056 | P24: 16.547424 | Q24: 3.3747238 | R24: =1/I24 -> 5.5157198 | S24: 37.271 | T24: 0.85201042 | U24: 0.025990114
A25: F7292H | B25: 5055.75 | C25: BR 1-BRSA-1045-SPS | D25: 19.305328 | E25: =D25/1000 -> 0.019305328 | F25: 1.1395818 | G25: 19.31 | H25: 0.019 | I25: 0.1554 | J25: 16.415 | K25: -0.018 | L25: 19.305328 | M25: 15.563193 | N25: 3.949 | O25: 0.056 | P25: 19.305328 | Q25: 3.3457171 | R25: =1/I25 -> 6.4350064 | S25: 37.271 | T25: 0.82734548 | U25: 0.026239872
A26: F7292H | B26: 5055.75 | C26: BR 1-BRSA-1045-SPS | D26: 22.063232 | E26: =D26/1000 -> 0.022063232 | F26: 0.99713406 | G26: 22.06 | H26: 0.022 | I26: 0.136 | J26: 16.415 | K26: -0.018 | L26: 22.063232 | M26: 15.525831 | N26: 3.949 | O26: 0.056 | P26: 22.063232 | Q26: 3.3207919 | R26: =1/I26 -> 7.3529412 | S26: 37.271 | T26: 0.80271683 | U26: 0.026336167
A27: F7293H | B27: 5056.1 | C27: BR 1-BRSA-1045-SPS | D27: 2.757904 | E27: =D27/1000 -> 0.002757904 | F27: 9.064855 | G27: 2.76 | H27: 0.003 | I27: 1.088 | J27: 12.931 | K27: -0.022 | L27: 2.757904 | M27: 12.645598 | N27: 25.436 | O27: 0.043 | P27: 2.757904 | Q27: 24.350277 | R27: =1/I27 -> 0.91911765 | S27: 39.11 | T27: 0.97649917
A28: F7293H | B28: 5056.1 | C28: BR 1-BRSA-1045-SPS | D28: 5.515808 | E28: =D28/1000 -> 0.005515808 | F28: 4.5324275 | G28: 5.52 | H28: 0.006 | I28: 0.5439 | J28: 12.931 | K28: -0.022 | L28: 5.515808 | M28: 12.454225 | N28: 25.436 | O28: 0.043 | P28: 5.515808 | Q28: 23.635219 | R28: =1/I28 -> 1.8385733 | S28: 39.11 | T28: 0.95298969 | U28: 0.022504243
A29: F7293H | B29: 5056.1 | C29: BR 1-BRSA-1045-SPS | D29: 8.273712 | E29: =D29/1000 -> 0.008273712 | F29: 3.0216183 | G29: 8.27 | H29: 0.008 | I29: 0.3626 | J29: 12.931 | K29: -0.022 | L29: 8.273712 | M29: 12.343625 | N29: 25.436 | O29: 0.043 | P29: 8.273712 | Q29: 23.22671 | R29: =1/I29 -> 2.7578599 | S29: 39.11 | T29: 0.92948453 | U29: 0.02228005
A30: F7293H | B30: 5056.1 | C30: BR 1-BRSA-1045-SPS | D30: 11.031616 | E30: =D30/1000 -> 0.011031616 | F30: 2.2662138 | G30: 11.03 | H30: 0.011 | I30: 0.2719 | J30: 12.931 | K30: -0.022 | L30: 11.031616 | M30: 12.265748 | N30: 25.436 | O30: 0.043 | P30: 11.031616 | Q30: 22.941158 | R30: =1/I30 -> 3.6778227 | S30: 39.11 | T30: 0.90596209 | U30: 0.022305706
A31: F7293H | B31: 5056.1 | C31: BR 1-BRSA-1045-SPS | D31: 13.78952 | E31: =D31/1000 -> 0.01378952 | F31: 1.812971 | G31: 13.79 | H31: 0.014 | I31: 0.2176 | J31: 12.931 | K31: -0.022 | L31: 13.78952 | M31: 12.205681 | N31: 25.436 | O31: 0.043 | P31: 13.78952 | Q31: 22.722086 | R31: =1/I31 -> 4.5955882 | S31: 39.11 | T31: 0.88249583 | U31: 0.022407797
A32: F7293H | B32: 5056.1 | C32: BR 1-BRSA-1045-SPS | D32: 16.547424 | E32: =D32/1000 -> 0.016547424 | F32: 1.5108092 | G32: 16.55 | H32: 0.017 | I32: 0.1813 | J32: 12.931 | K32: -0.022 | L32: 16.547424 | M32: 12.156822 | N32: 25.436 | O32: 0.043 | P32: 16.547424 | Q32: 22.544645 | R32: =1/I32 -> 5.5157198 | S32: 39.11 | T32: 0.85896907 | U32: 0.022315337
A33: F7293H | B33: 5056.1 | C33: BR 1-BRSA-1045-SPS | D33: 19.305328 | E33: =D33/1000 -> 0.019305328 | F33: 1.2949793 | G33: 19.31 | H33: 0.019 | I33: 0.1554 | J33: 12.931 | K33: -0.022 | L33: 19.305328 | M33: 12.115664 | N33: 25.436 | O33: 0.043 | P33: 19.305328 | Q33: 22.395703 | R33: =1/I33 -> 6.4350064 | S33: 39.11 | T33: 0.83546391 | U33: 0.022204471
A34: F7293H | B34: 5056.1 | C34: BR 1-BRSA-1045-SPS | D34: 22.063232 | E34: =D34/1000 -> 0.022063232 | F34: 1.1331069 | G34: 22.06 | H34: 0.022 | I34: 0.136 | J34: 12.931 | K34: -0.022 | L34: 22.063232 | M34: 12.080124 | N34: 25.436 | O34: 0.043 | P34: 22.063232 | Q34: 22.267479 | R34: =1/I34 -> 7.3529412 | S34: 39.11 | T34: 0.81199332 | U34: 0.021953155
A35: F7294H | B35: 5056.4 | C35: BR 1-BRSA-1045-SPS | D35: 2.757904 | E35: =D35/1000 -> 0.002757904 | F35: 11.965609 | G35: 2.76 | H35: 0.003 | I35: 2.176 | J35: 17.994 | K35: -0.028 | L35: 2.757904 | M35: 17.490068 | N35: 319.301 | O35: 0.073 | P35: 2.757904 | Q35: 296.50908 | R35: =1/I35 -> 0.45955882 | S35: 37.44 | T35: 0.98772546
A36: F7294H | B36: 5056.4 | C36: BR 1-BRSA-1045-SPS | D36: 5.515808 | E36: =D36/1000 -> 0.005515808 | F36: 5.9828043 | G36: 5.52 | H36: 0.006 | I36: 1.088 | J36: 17.994 | K36: -0.028 | L36: 5.515808 | M36: 17.153892 | N36: 319.301 | O36: 0.073 | P36: 5.515808 | Q36: 281.87906 | R36: =1/I36 -> 0.91911765 | S36: 37.44 | T36: 0.97545092 | U36: 0.033920001
A37: F7294H | B37: 5056.4 | C37: BR 1-BRSA-1045-SPS | D37: 8.273712 | E37: =D37/1000 -> 0.008273712 | F37: 3.9885362 | G37: 8.27 | H37: 0.008 | I37: 0.7252 | J37: 17.994 | K37: -0.028 | L37: 8.273712 | M37: 16.960244 | N37: 319.301 | O37: 0.073 | P37: 8.273712 | Q37: 273.658 | R37: =1/I37 -> 1.37893 | S37: 37.44 | T37: 0.96316961 | U37: 0.031368781
A38: F7294H | B38: 5056.4 | C38: BR 1-BRSA-1045-SPS | D38: 11.031616 | E38: =D38/1000 -> 0.011031616 | F38: 2.9914022 | G38: 11.03 | H38: 0.011 | I38: 0.5439 | J38: 17.994 | K38: -0.028 | L38: 11.031616 | M38: 16.824177 | N38: 319.301 | O38: 0.073 | P38: 11.031616 | Q38: 267.97089 | R38: =1/I38 -> 1.8385733 | S38: 37.44 | T38: 0.95089281 | U38: 0.029536411
A39: F7294H | B39: 5056.4 | C39: BR 1-BRSA-1045-SPS | D39: 13.78952 | E39: =D39/1000 -> 0.01378952 | F39: 2.3931217 | G39: 13.79 | H39: 0.014 | I39: 0.4351 | J39: 17.994 | K39: -0.028 | L39: 13.78952 | M39: 16.719387 | N39: 319.301 | O39: 0.073 | P39: 13.78952 | Q39: 263.64115 | R39: =1/I39 -> 2.2983222 | S39: 37.44 | T39: 0.93861319 | U39: 0.028549366
A40: F7294H | B40: 5056.4 | C40: BR 1-BRSA-1045-SPS | D40: 16.547424 | E40: =D40/1000 -> 0.016547424 | F40: 1.9942681 | G40: 16.55 | H40: 0.017 | I40: 0.3626 | J40: 17.994 | K40: -0.028 | L40: 16.547424 | M40: 16.634252 | N40: 319.301 | O40: 0.073 | P40: 16.547424 | Q40: 260.15547 | R40: =1/I40 -> 2.7578599 | S40: 37.44 | T40: 0.92633921 | U40: 0.027954645
A41: F7294H | B41: 5056.4 | C41: BR 1-BRSA-1045-SPS | D41: 19.305328 | E41: =D41/1000 -> 0.019305328 | F41: 1.7093727 | G41: 19.31 | H41: 0.019 | I41: 0.3108 | J41: 17.994 | K41: -0.028 | L41: 19.305328 | M41: 16.562609 | N41: 319.301 | O41: 0.073 | P41: 19.305328 | Q41: 257.24435 | R41: =1/I41 -> 3.2175032 | S41: 37.44 | T41: 0.91406241 | U41: 0.027929928
A42: F7294H | B42: 5056.4 | C42: BR 1-BRSA-1045-SPS | D42: 22.063232 | E42: =D42/1000 -> 0.022063232 | F42: 1.4957011 | G42: 22.06 | H42: 0.022 | I42: 0.2719 | J42: 17.994 | K42: -0.028 | L42: 22.063232 | M42: 16.500799 | N42: 319.301 | O42: 0.073 | P42: 22.063232 | Q42: 254.74897 | R42: =1/I42 -> 3.6778227 | S42: 37.44 | T42: 0.90176756 | U42: 0.027771712
A43: F7295V | B43: 5056.5 | C43: BR 1-BRSA-1045-SPS | D43: 2.757904 | E43: =D43/1000 -> 0.002757904 | F43: 4.3511304 | G43: 2.76 | H43: 0.003 | I43: 0.7252 | J43: 15.703 | K43: -0.01 | L43: 2.757904 | M43: 15.544503 | N43: 16.889 | O43: 0.049 | P43: 2.757904 | Q43: 16.069988 | R43: =1/I43 -> 1.37893 | S43: 36.422 | T43: 0.96214019
A44: F7295V | B44: 5056.5 | C44: BR 1-BRSA-1045-SPS | D44: 5.515808 | E44: =D44/1000 -> 0.005515808 | F44: 2.1755652 | G44: 5.52 | H44: 0.006 | I44: 0.3626 | J44: 15.703 | K44: -0.01 | L44: 5.515808 | M44: 15.437129 | N44: 16.889 | O44: 0.049 | P44: 5.515808 | Q44: 15.533349 | R44: =1/I44 -> 2.7578599 | S44: 36.422 | T44: 0.92428038 | U44: 0.04498488
A45: F7295V | B45: 5056.5 | C45: BR 1-BRSA-1045-SPS | D45: 8.273712 | E45: =D45/1000 -> 0.008273712 | F45: 1.4503768 | G45: 8.27 | H45: 0.008 | I45: 0.2417 | J45: 15.703 | K45: -0.01 | L45: 8.273712 | M45: 15.374664 | N45: 16.889 | O45: 0.049 | P45: 8.273712 | Q45: 15.227781 | R45: =1/I45 -> 4.1373604 | S45: 36.422 | T45: 0.88640491 | U45: 0.037860168
A46: F7295V | B46: 5056.5 | C46: BR 1-BRSA-1045-SPS | D46: 11.031616 | E46: =D46/1000 -> 0.011031616 | F46: 1.0877826 | G46: 11.03 | H46: 0.011 | I46: 0.1813 | J46: 15.703 | K46: -0.01 | L46: 11.031616 | M46: 15.330497 | N46: 16.889 | O46: 0.049 | P46: 11.031616 | Q46: 15.014629 | R46: =1/I46 -> 5.5157198 | S46: 36.422 | T46: 0.84856077 | U46: 0.033904281
A47: F7295V | B47: 5056.5 | C47: BR 1-BRSA-1045-SPS | D47: 13.78952 | E47: =D47/1000 -> 0.01378952 | F47: 0.87022608 | G47: 13.79 | H47: 0.014 | I47: 0.145 | J47: 15.703 | K47: -0.01 | L47: 13.78952 | M47: 15.296326 | N47: 16.889 | O47: 0.049 | P47: 13.78952 | Q47: 14.851353 | R47: =1/I47 -> 6.8965517 | S47: 36.422 | T47: 0.81064874 | U47: 0.030943732
A48: F7295V | B48: 5056.5 | C48: BR 1-BRSA-1045-SPS | D48: 16.547424 | E48: =D48/1000 -> 0.016547424 | F48: 0.7251884 | G48: 16.55 | H48: 0.017 | I48: 0.1209 | J48: 15.703 | K48: -0.01 | L48: 16.547424 | M48: 15.268463 | N48: 16.889 | O48: 0.049 | P48: 16.547424 | Q48: 14.719266 | R48: =1/I48 -> 8.2712986 | S48: 36.422 | T48: 0.77290378 | U48: 0.0303195
A49: F7295V | B49: 5056.5 | C49: BR 1-BRSA-1045-SPS | D49: 19.305328 | E49: =D49/1000 -> 0.019305328 | F49: 0.62159006 | G49: 19.31 | H49: 0.019 | I49: 0.1036 | J49: 15.703 | K49: -0.01 | L49: 19.305328 | M49: 15.244945 | N49: 16.889 | O49: 0.049 | P49: 19.305328 | Q49: 14.608504 | R49: =1/I49 -> 9.6525097 | S49: 36.422 | T49: 0.73498134 | U49: 0.029784246
A50: F7295V | B50: 5056.5 | C50: BR 1-BRSA-1045-SPS | D50: 22.063232 | E50: =D50/1000 -> 0.022063232 | F50: 0.5438913 | G50: 22.06 | H50: 0.022 | I50: 0.09065 | J50: 15.703 | K50: -0.01 | L50: 22.063232 | M50: 15.224602 | N50: 16.889 | O50: 0.049 | P50: 22.063232 | Q50: 14.513232 | R50: =1/I50 -> 11.03144 | S50: 36.422 | T50: 0.69712153 | U50: 0.030059345
A51: F7296H | B51: 5056.65 | C51: BR 1-BRSA-1045-SPS | D51: 2.757904 | E51: =D51/1000 -> 0.002757904 | F51: 10.877826 | G51: 2.76 | H51: 0.003 | I51: 1.088 | J51: 10.837 | K51: -0.027 | L51: 2.757904 | M51: 10.544195 | N51: 3.911 | O51: 0.053 | P51: 2.757904 | Q51: 3.7062706 | R51: =1/I51 -> 0.91911765 | S51: 38.024 | T51: 0.97582796
A52: F7296H | B52: 5056.65 | C52: BR 1-BRSA-1045-SPS | D52: 5.515808 | E52: =D52/1000 -> 0.005515808 | F52: 5.438913 | G52: 5.52 | H52: 0.006 | I52: 0.5439 | J52: 10.837 | K52: -0.027 | L52: 5.515808 | M52: 10.348696 | N52: 3.911 | O52: 0.053 | P52: 5.515808 | Q52: 3.5725847 | R52: =1/I52 -> 1.8385733 | S52: 38.024 | T52: 0.95164703 | U52: 0.022286232
A53: F7296H | B53: 5056.65 | C53: BR 1-BRSA-1045-SPS | D53: 8.273712 | E53: =D53/1000 -> 0.008273712 | F53: 3.625942 | G53: 8.27 | H53: 0.008 | I53: 0.3626 | J53: 10.837 | K53: -0.027 | L53: 8.273712 | M53: 10.236021 | N53: 3.911 | O53: 0.053 | P53: 8.273712 | Q53: 3.4966301 | R53: =1/I53 -> 2.7578599 | S53: 38.024 | T53: 0.92747055 | U53: 0.021395162
A54: F7296H | B54: 5056.65 | C54: BR 1-BRSA-1045-SPS | D54: 11.031616 | E54: =D54/1000 -> 0.011031616 | F54: 2.7194565 | G54: 11.03 | H54: 0.011 | I54: 0.2719 | J54: 10.837 | K54: -0.027 | L54: 11.031616 | M54: 10.156821 | N54: 3.911 | O54: 0.053 | P54: 11.031616 | Q54: 3.4437209 | R54: =1/I54 -> 3.6778227 | S54: 38.024 | T54: 0.90327628 | U54: 0.021217077
A55: F7296H | B55: 5056.65 | C55: BR 1-BRSA-1045-SPS | D55: 13.78952 | E55: =D55/1000 -> 0.01378952 | F55: 2.1755652 | G55: 13.79 | H55: 0.014 | I55: 0.2176 | J55: 10.837 | K55: -0.027 | L55: 13.78952 | M55: 10.095812 | N55: 3.911 | O55: 0.053 | P55: 13.78952 | Q55: 3.4032332 | R55: =1/I55 -> 4.5955882 | S55: 38.024 | T55: 0.8791398 | U55: 0.021363898
A56: F7296H | B56: 5056.65 | C56: BR 1-BRSA-1045-SPS | D56: 16.547424 | E56: =D56/1000 -> 0.016547424 | F56: 1.812971 | G56: 16.55 | H56: 0.017 | I56: 0.1813 | J56: 10.837 | K56: -0.027 | L56: 16.547424 | M56: 10.046235 | N56: 3.911 | O56: 0.053 | P56: 16.547424 | Q56: 3.370506 | R56: =1/I56 -> 5.5157198 | S56: 38.024 | T56: 0.8549411 | U56: 0.021143579
A57: F7296H | B57: 5056.65 | C57: BR 1-BRSA-1045-SPS | D57: 19.305328 | E57: =D57/1000 -> 0.019305328 | F57: 1.5539752 | G57: 19.31 | H57: 0.019 | I57: 0.1554 | J57: 10.837 | K57: -0.027 | L57: 19.305328 | M57: 10.004509 | N57: 3.911 | O57: 0.053 | P57: 19.305328 | Q57: 3.3430812 | R57: =1/I57 -> 6.4350064 | S57: 38.024 | T57: 0.83076461 | U57: 0.021194919
A58: F7296H | B58: 5056.65 | C58: BR 1-BRSA-1045-SPS | D58: 22.063232 | E58: =D58/1000 -> 0.022063232 | F58: 1.3597283 | G58: 22.06 | H58: 0.022 | I58: 0.136 | J58: 10.837 | K58: -0.027 | L58: 22.063232 | M58: 9.9685044 | N58: 3.911 | O58: 0.053 | P58: 22.063232 | Q58: 3.3195052 | R58: =1/I58 -> 7.3529412 | S58: 38.024 | T58: 0.80662368 | U58: 0.021058498
A59: F7297H | B59: 5056.95 | C59: BR 1-BRSA-1045-SPS | D59: 2.757904 | E59: =D59/1000 -> 0.002757904 | F59: 7.6144782 | G59: 2.76 | H59: 0.003 | I59: 0.7252 | J59: 9.445 | K59: -0.019 | L59: 2.757904 | M59: 9.2646914 | N59: 124.211 | O59: 0.108 | P59: 2.757904 | Q59: 111.32111 | R59: =1/I59 -> 1.37893 | S59: 39.238 | T59: 0.96485728
A60: F7297H | B60: 5056.95 | C60: BR 1-BRSA-1045-SPS | D60: 5.515808 | E60: =D60/1000 -> 0.005515808 | F60: 3.8072391 | G60: 5.52 | H60: 0.006 | I60: 0.3626 | J60: 9.445 | K60: -0.019 | L60: 5.515808 | M60: 9.1434772 | N60: 124.211 | O60: 0.108 | P60: 5.515808 | Q60: 103.2919 | R60: =1/I60 -> 2.7578599 | S60: 39.238 | T60: 0.92971456 | U60: 0.019424755
A61: F7297H | B61: 5056.95 | C61: BR 1-BRSA-1045-SPS | D61: 8.273712 | E61: =D61/1000 -> 0.008273712 | F61: 2.5381594 | G61: 8.27 | H61: 0.008 | I61: 0.2417 | J61: 9.445 | K61: -0.019 | L61: 8.273712 | M61: 9.073308 | N61: 124.211 | O61: 0.108 | P61: 8.273712 | Q61: 98.86633 | R61: =1/I61 -> 4.1373604 | S61: 39.238 | T61: 0.89455731 | U61: 0.019038406
A62: F7297H | B62: 5056.95 | C62: BR 1-BRSA-1045-SPS | D62: 11.031616 | E62: =D62/1000 -> 0.011031616 | F62: 1.9036196 | G62: 11.03 | H62: 0.011 | I62: 0.1813 | J62: 9.445 | K62: -0.019 | L62: 11.031616 | M62: 9.023849 | N62: 124.211 | O62: 0.108 | P62: 11.031616 | Q62: 95.841815 | R62: =1/I62 -> 5.5157198 | S62: 39.238 | T62: 0.85942913 | U62: 0.018887251
A63: F7297H | B63: 5056.95 | C63: BR 1-BRSA-1045-SPS | D63: 13.78952 | E63: =D63/1000 -> 0.01378952 | F63: 1.5228956 | G63: 13.79 | H63: 0.014 | I63: 0.145 | J63: 9.445 | K63: -0.019 | L63: 13.78952 | M63: 8.9856713 | N63: 124.211 | O63: 0.108 | P63: 13.78952 | Q63: 93.559685 | R63: =1/I63 -> 6.8965517 | S63: 39.238 | T63: 0.82423794 | U63: 0.018491414
A64: F7297H | B64: 5056.95 | C64: BR 1-BRSA-1045-SPS | D64: 16.547424 | E64: =D64/1000 -> 0.016547424 | F64: 1.2690797 | G64: 16.55 | H64: 0.017 | I64: 0.1209 | J64: 9.445 | K64: -0.019 | L64: 16.547424 | M64: 8.9545978 | N64: 124.211 | O64: 0.108 | P64: 16.547424 | Q64: 91.735446 | R64: =1/I64 -> 8.2712986 | S64: 39.238 | T64: 0.78920183 | U64: 0.018310604
A65: F7297H | B65: 5056.95 | C65: BR 1-BRSA-1045-SPS | D65: 19.305328 | E65: =D65/1000 -> 0.019305328 | F65: 1.0877826 | G65: 19.31 | H65: 0.019 | I65: 0.1036 | J65: 9.445 | K65: -0.019 | L65: 19.305328 | M65: 8.9284094 | N65: 124.211 | O65: 0.108 | P65: 19.305328 | Q65: 90.220852 | R65: =1/I65 -> 9.6525097 | S65: 39.238 | T65: 0.75400098 | U65: 0.017994191
A66: F7297H | B66: 5056.95 | C66: BR 1-BRSA-1045-SPS | D66: 22.063232 | E66: =D66/1000 -> 0.022063232 | F66: 0.95180978 | G66: 22.06 | H66: 0.022 | I66: 0.09065 | J66: 9.445 | K66: -0.019 | L66: 22.063232 | M66: 8.9057859 | N66: 124.211 | O66: 0.108 | P66: 22.063232 | Q66: 88.929078 | R66: =1/I66 -> 11.03144 | S66: 39.238 | T66: 0.71885826 | U66: 0.017921129
A67: A17 | C67: Morro do Chaves Fm. | D67: 2.7579029 | E67: =D67/1000 -> 0.0027579029 | F67: =0.025/E67 -> 9.0648586 | G67: 2.7579029 | H67: 0.0027579029 | I67: 1.087783 | J67: 12.068 | K67: -0.022 | L67: 2.7579029 | M67: 13.738603 | N67: 6.9986 | O67: 0.152 | P67: 2.7579029 | Q67: 17.141277 | R67: =1/I67 -> 0.91930097 | S67: 31.08293 | T67: 0.97042425
A68: A17 | C68: Morro do Chaves Fm. | D68: 5.5158058 | E68: =D68/1000 -> 0.0055158058 | F68: =0.025/E68 -> 4.5324293 | G68: 5.5158058 | H68: 0.0055158058 | I68: 0.54389152 | J68: 12.068 | K68: -0.022 | L68: 5.5158058 | M68: 13.530689 | N68: 6.9986 | O68: 0.152 | P68: 5.5158058 | Q68: 15.427182 | R68: =1/I68 -> 1.8386019 | S68: 31.08293 | T68: 0.9408485 | U68: 0.10524473
A69: A17 | C69: Morro do Chaves Fm. | D69: 8.2737087 | E69: =D69/1000 -> 0.0082737087 | F69: =0.025/E69 -> 3.0216195 | G69: 8.2737087 | H69: 0.0082737087 | I69: 0.36259435 | J69: 12.068 | K69: -0.022 | L69: 8.2737087 | M69: 13.410529 | N69: 6.9986 | O69: 0.152 | P69: 8.2737087 | Q69: 14.5051 | R69: =1/I69 -> 2.7579029 | S69: 31.08293 | T69: 0.91127275 | U69: 0.055546291
A70: A17 | C70: Morro do Chaves Fm. | D70: 11.031612 | E70: =D70/1000 -> 0.011031612 | F70: =0.025/E70 -> 2.2662147 | G70: 11.031612 | H70: 0.011031612 | I70: 0.27194576 | J70: 12.068 | K70: -0.022 | L70: 11.031612 | M70: 13.325921 | N70: 6.9986 | O70: 0.152 | P70: 11.031612 | Q70: 13.884494 | R70: =1/I70 -> 3.6772039 | S70: 31.08293 | T70: 0.881697 | U70: 0.043738923
A71: A17 | C71: Morro do Chaves Fm. | D71: 13.789515 | E71: =D71/1000 -> 0.013789515 | F71: =0.025/E71 -> 1.8129717 | G71: 13.789515 | H71: 0.013789515 | I71: 0.21755661 | J71: 12.068 | K71: -0.022 | L71: 13.789515 | M71: 13.260663 | N71: 6.9986 | O71: 0.152 | P71: 13.789515 | Q71: 13.421459 | R71: =1/I71 -> 4.5965049 | S71: 31.08293 | T71: 0.85212125 | U71: 0.039814751
A72: A17 | C72: Morro do Chaves Fm. | D72: 16.547417 | E72: =D72/1000 -> 0.016547417 | F72: =0.025/E72 -> 1.5108098 | G72: 16.547417 | H72: 0.016547417 | I72: 0.18129717 | J72: 12.068 | K72: -0.022 | L72: 16.547417 | M72: 13.20758 | N72: 6.9986 | O72: 0.152 | P72: 16.547417 | Q72: 13.054618 | R72: =1/I72 -> 5.5158058 | S72: 31.08293 | T72: 0.8225455 | U72: 0.035644928
A73: A17 | C73: Morro do Chaves Fm. | D73: 19.30532 | E73: =D73/1000 -> 0.01930532 | F73: =0.025/E73 -> 1.2949798 | G73: 19.30532 | H73: 0.01930532 | I73: 0.15539758 | J73: 12.068 | K73: -0.022 | L73: 19.30532 | M73: 13.162864 | N73: 6.9986 | O73: 0.152 | P73: 19.30532 | Q73: 12.752293 | R73: =1/I73 -> 6.4351068 | S73: 31.08293 | T73: 0.79296975 | U73: 0.03448164
A74: A17 | C74: Morro do Chaves Fm. | D74: 22.063223 | E74: =D74/1000 -> 0.022063223 | F74: =0.025/E74 -> 1.1331073 | G74: 22.063223 | H74: 0.022063223 | I74: 0.13597288 | J74: 12.068 | K74: -0.022 | L74: 22.063223 | M74: 13.124253 | N74: 6.9986 | O74: 0.152 | P74: 22.063223 | Q74: 12.496071 | R74: =1/I74 -> 7.3544078 | S74: 31.08293 | T74: 0.763394 | U74: 0.032830497
A75: A18 | C75: Morro do Chaves Fm. | D75: 2.7579029 | E75: =D75/1000 -> 0.0027579029 | F75: =0.028/E75 -> 10.152642 | G75: 2.7579029 | H75: 0.0027579029 | I75: 1.4503774 | J75: 14.234 | K75: -0.024 | L75: 2.7579029 | M75: 16.396572 | N75: 43.537 | O75: 0.067 | P75: 2.7579029 | Q75: 64.615946 | R75: =1/I75 -> 0.68947573 | T75: #DIV/0!
A76: A18 | C76: Morro do Chaves Fm. | D76: 5.5158058 | E76: =D76/1000 -> 0.0055158058 | F76: =0.028/E76 -> 5.0763208 | G76: 5.5158058 | H76: 0.0055158058 | I76: 0.72518869 | J76: 14.234 | K76: -0.024 | L76: 5.5158058 | M76: 16.126063 | N76: 43.537 | O76: 0.067 | P76: 5.5158058 | Q76: 61.68374 | R76: =1/I76 -> 1.3789515 | T76: #DIV/0! | U76: 0.15410545
A77: A18 | C77: Morro do Chaves Fm. | D77: 8.2737087 | E77: =D77/1000 -> 0.0082737087 | F77: =0.028/E77 -> 3.3842139 | G77: 8.2737087 | H77: 0.0082737087 | I77: 0.48345913 | J77: 14.234 | K77: -0.024 | L77: 8.2737087 | M77: 15.969899 | N77: 43.537 | O77: 0.067 | P77: 8.2737087 | Q77: 60.030586 | R77: =1/I77 -> 2.0684272 | T77: #DIV/0! | U77: 0.049644775
A78: A18 | C78: Morro do Chaves Fm. | D78: 11.031612 | E78: =D78/1000 -> 0.011031612 | F78: =0.028/E78 -> 2.5381604 | G78: 11.031612 | H78: 0.011031612 | I78: 0.36259434 | J78: 14.234 | K78: -0.024 | L78: 11.031612 | M78: 15.860016 | N78: 43.537 | O78: 0.067 | P78: 11.031612 | Q78: 58.884595 | R78: =1/I78 -> 2.7579029 | T78: #DIV/0! | U78: 0.041393262
A79: A18 | C79: Morro do Chaves Fm. | D79: 13.789515 | E79: =D79/1000 -> 0.013789515 | F79: =0.028/E79 -> 2.0305283 | G79: 13.789515 | H79: 0.013789515 | I79: 0.29007548 | J79: 14.234 | K79: -0.024 | L79: 13.789515 | M79: 15.775306 | N79: 43.537 | O79: 0.067 | P79: 13.789515 | Q79: 58.010782 | R79: =1/I79 -> 3.4473786 | T79: #DIV/0! | U79: 0.033605943
A80: A18 | C80: Morro do Chaves Fm. | D80: 16.547417 | E80: =D80/1000 -> 0.016547417 | F80: =0.028/E80 -> 1.6921069 | G80: 16.547417 | H80: 0.016547417 | I80: 0.24172956 | J80: 14.234 | K80: -0.024 | L80: 16.547417 | M80: 15.706428 | N80: 43.537 | O80: 0.067 | P80: 16.547417 | Q80: 57.306459 | R80: =1/I80 -> 4.1368544 | T80: #DIV/0! | U80: 0.031349888
A81: A18 | C81: Morro do Chaves Fm. | D81: 19.30532 | E81: =D81/1000 -> 0.01930532 | F81: =0.028/E81 -> 1.4503774 | G81: 19.30532 | H81: 0.01930532 | I81: 0.20719677 | J81: 14.234 | K81: -0.024 | L81: 19.30532 | M81: 15.648428 | N81: 43.537 | O81: 0.067 | P81: 19.30532 | Q81: 56.717638 | R81: =1/I81 -> 4.8263301 | T81: #DIV/0! | U81: 0.030651324
A82: A18 | C82: Morro do Chaves Fm. | D82: 22.063223 | E82: =D82/1000 -> 0.022063223 | F82: =0.028/E82 -> 1.2690802 | G82: 22.063223 | H82: 0.022063223 | I82: 0.18129717 | J82: 14.234 | K82: -0.024 | L82: 22.063223 | M82: 15.598359 | N82: 43.537 | O82: 0.067 | P82: 22.063223 | Q82: 56.212471 | R82: =1/I82 -> 5.5158058 | T82: #DIV/0! | U82: 0.028861721
A83: A18-1 | C83: Morro do Chaves Fm. | D83: 2.7579029 | E83: =D83/1000 -> 0.0027579029 | F83: =0.022/E83 -> 7.9770756 | G83: 2.7579029 | H83: 0.0027579029 | I83: 1.087783 | J83: 15.508 | K83: -0.019 | L83: 2.7579029 | M83: 17.345419 | N83: 95.203 | O83: 0.056 | P83: 2.7579029 | Q83: 132.42751 | R83: =1/I83 -> 0.91930097 | S83: 70.797053 | T83: 0.98701498
A84: A18-1 | C84: Morro do Chaves Fm. | D84: 5.5158058 | E84: =D84/1000 -> 0.0055158058 | F84: =0.022/E84 -> 3.9885378 | G84: 5.5158058 | H84: 0.0055158058 | I84: 0.54389152 | J84: 15.508 | K84: -0.019 | L84: 5.5158058 | M84: 17.118481 | N84: 95.203 | O84: 0.056 | P84: 5.5158058 | Q84: 127.38566 | R84: =1/I84 -> 1.8386019 | S84: 70.797053 | T84: 0.97402997 | U84: 0.095927788
A85: A18-1 | C85: Morro do Chaves Fm. | D85: 8.2737087 | E85: =D85/1000 -> 0.0082737087 | F85: =0.022/E85 -> 2.6590252 | G85: 8.2737087 | H85: 0.0082737087 | I85: 0.36259435 | J85: 15.508 | K85: -0.019 | L85: 8.2737087 | M85: 16.98711 | N85: 95.203 | O85: 0.056 | P85: 8.2737087 | Q85: 124.52582 | R85: =1/I85 -> 2.7579029 | S85: 70.797053 | T85: 0.96104495 | U85: 0.061365858
A86: A18-1 | C86: Morro do Chaves Fm. | D86: 11.031612 | E86: =D86/1000 -> 0.011031612 | F86: =0.022/E86 -> 1.9942689 | G86: 11.031612 | H86: 0.011031612 | I86: 0.27194576 | J86: 15.508 | K86: -0.019 | L86: 11.031612 | M86: 16.894512 | N86: 95.203 | O86: 0.056 | P86: 11.031612 | Q86: 122.53576 | R86: =1/I86 -> 3.6772039 | S86: 70.797053 | T86: 0.94805993 | U86: 0.052437499
A87: A18-1 | C87: Morro do Chaves Fm. | D87: 13.789515 | E87: =D87/1000 -> 0.013789515 | F87: =0.022/E87 -> 1.5954151 | G87: 13.789515 | H87: 0.013789515 | I87: 0.21755661 | J87: 15.508 | K87: -0.019 | L87: 13.789515 | M87: 16.823036 | N87: 95.203 | O87: 0.056 | P87: 13.789515 | Q87: 121.01408 | R87: =1/I87 -> 4.5965049 | S87: 70.797053 | T87: 0.93507491 | U87: 0.043024772
A88: A18-1 | C88: Morro do Chaves Fm. | D88: 16.547417 | E88: =D88/1000 -> 0.016547417 | F88: =0.022/E88 -> 1.3295126 | G88: 16.547417 | H88: 0.016547417 | I88: 0.18129717 | J88: 15.508 | K88: -0.019 | L88: 16.547417 | M88: 16.764859 | N88: 95.203 | O88: 0.056 | P88: 16.547417 | Q88: 119.78481 | R88: =1/I88 -> 5.5158058 | S88: 70.797053 | T88: 0.9220899 | U88: 0.042510964
A89: A18-1 | C89: Morro do Chaves Fm. | D89: 19.30532 | E89: =D89/1000 -> 0.01930532 | F89: =0.022/E89 -> 1.1395822 | G89: 19.30532 | H89: 0.01930532 | I89: 0.15539758 | J89: 15.508 | K89: -0.019 | L89: 19.30532 | M89: 16.715829 | N89: 95.203 | O89: 0.056 | P89: 19.30532 | Q89: 118.75522 | R89: =1/I89 -> 6.4351068 | S89: 70.797053 | T89: 0.90910488 | U89: 0.042219988
A90: A18-1 | C90: Morro do Chaves Fm. | D90: 22.063223 | E90: =D90/1000 -> 0.022063223 | F90: =0.022/E90 -> 0.99713445 | G90: 22.063223 | H90: 0.022063223 | I90: 0.13597288 | J90: 15.508 | K90: -0.019 | L90: 22.063223 | M90: 16.673473 | N90: 95.203 | O90: 0.056 | P90: 22.063223 | Q90: 117.87051 | R90: =1/I90 -> 7.3544078 | S90: 70.797053 | T90: 0.89611986 | U90: 0.040753203
A91: A18-2 | C91: Morro do Chaves Fm. | D91: 2.7579029 | E91: =D91/1000 -> 0.0027579029 | F91: =0.026/E91 -> 9.427453 | G91: 2.7579029 | H91: 0.0027579029 | I91: 1.4503774 | J91: 15.915 | K91: -0.022 | L91: 2.7579029 | M91: 18.118152 | N91: 683.861 | O91: 0.089 | P91: 2.7579029 | Q91: 1155.4637 | R91: =1/I91 -> 0.68947573 | S91: 70.703344 | T91: 0.99024833
A92: A18-2 | C92: Morro do Chaves Fm. | D92: 5.5158058 | E92: =D92/1000 -> 0.0055158058 | F92: =0.026/E92 -> 4.7137265 | G92: 5.5158058 | H92: 0.0055158058 | I92: 0.72518869 | J92: 15.915 | K92: -0.022 | L92: 5.5158058 | M92: 17.84396 | N92: 683.861 | O92: 0.089 | P92: 5.5158058 | Q92: 1086.3372 | R92: =1/I92 -> 1.3789515 | S92: 70.703344 | T92: 0.98049666 | U92: 0.085372547
A93: A18-2 | C93: Morro do Chaves Fm. | D93: 8.2737087 | E93: =D93/1000 -> 0.0082737087 | F93: =0.026/E93 -> 3.1424843 | G93: 8.2737087 | H93: 0.0082737087 | I93: 0.48345913 | J93: 15.915 | K93: -0.022 | L93: 8.2737087 | M93: 17.685496 | N93: 683.861 | O93: 0.089 | P93: 8.2737087 | Q93: 1047.8341 | R93: =1/I93 -> 2.0684272 | S93: 70.703344 | T93: 0.97074499 | U93: 0.055630773
A94: A18-2 | C94: Morro do Chaves Fm. | D94: 11.031612 | E94: =D94/1000 -> 0.011031612 | F94: =0.026/E94 -> 2.3568632 | G94: 11.031612 | H94: 0.011031612 | I94: 0.36259434 | J94: 15.915 | K94: -0.022 | L94: 11.031612 | M94: 17.573918 | N94: 683.861 | O94: 0.089 | P94: 11.031612 | Q94: 1021.3462 | R94: =1/I94 -> 2.7579029 | S94: 70.703344 | T94: 0.96099332 | U94: 0.04823417
A95: A18-2 | C95: Morro do Chaves Fm. | D95: 13.789515 | E95: =D95/1000 -> 0.013789515 | F95: =0.026/E95 -> 1.8854906 | G95: 13.789515 | H95: 0.013789515 | I95: 0.29007548 | J95: 15.915 | K95: -0.022 | L95: 13.789515 | M95: 17.487856 | N95: 683.861 | O95: 0.089 | P95: 13.789515 | Q95: 1001.2626 | R95: =1/I95 -> 3.4473786 | S95: 70.703344 | T95: 0.95124165 | U95: 0.042230774
A96: A18-2 | C96: Morro do Chaves Fm. | D96: 16.547417 | E96: =D96/1000 -> 0.016547417 | F96: =0.026/E96 -> 1.5712422 | G96: 16.547417 | H96: 0.016547417 | I96: 0.24172956 | J96: 15.915 | K96: -0.022 | L96: 16.547417 | M96: 17.417851 | N96: 683.861 | O96: 0.089 | P96: 16.547417 | Q96: 985.14656 | R96: =1/I96 -> 4.1368544 | S96: 70.703344 | T96: 0.94148998 | U96: 0.038962958
A97: A18-2 | C97: Morro do Chaves Fm. | D97: 19.30532 | E97: =D97/1000 -> 0.01930532 | F97: =0.026/E97 -> 1.346779 | G97: 19.30532 | H97: 0.01930532 | I97: 0.20719677 | J97: 15.915 | K97: -0.022 | L97: 19.30532 | M97: 17.358882 | N97: 683.861 | O97: 0.089 | P97: 19.30532 | Q97: 971.72322 | R97: =1/I97 -> 4.8263301 | S97: 70.703344 | T97: 0.9317383 | U97: 0.033711615
A98: A18-2 | C98: Morro do Chaves Fm. | D98: 22.063223 | E98: =D98/1000 -> 0.022063223 | F98: =0.026/E98 -> 1.1784316 | G98: 22.063223 | H98: 0.022063223 | I98: 0.18129717 | J98: 15.915 | K98: -0.022 | L98: 22.063223 | M98: 17.307962 | N98: 683.861 | O98: 0.089 | P98: 22.063223 | Q98: 960.24333 | R98: =1/I98 -> 5.5158058 | S98: 70.703344 | T98: 0.92198663 | U98: 0.033553023
A99: A18-3 | C99: Morro do Chaves Fm. | D99: 2.7579029 | E99: =D99/1000 -> 0.0027579029 | F99: =0.03/E99 -> 10.87783 | G99: 2.7579029 | H99: 0.0027579029 | I99: 1.4503774 | J99: 15.776 | K99: -0.025 | L99: 2.7579029 | M99: 18.280262 | N99: 748.77 | O99: 0.067 | P99: 2.7579029 | Q99: 1111.2957 | R99: =1/I99 -> 0.68947573 | S99: 70.895927 | T99: 0.99027482
A100: A18-3 | C100: Morro do Chaves Fm. | D100: 5.5158058 | E100: =D100/1000 -> 0.0055158058 | F100: =0.03/E100 -> 5.4389152 | G100: 5.5158058 | H100: 0.0055158058 | I100: 0.72518869 | J100: 15.776 | K100: -0.025 | L100: 5.5158058 | M100: 17.966218 | N100: 748.77 | O100: 0.067 | P100: 5.5158058 | Q100: 1060.8663 | R100: =1/I100 -> 1.3789515 | S100: 70.895927 | T100: 0.98054964 | U100: 0.085169665
...

Sheet Pictures
A1: Sample ID | B1: Thin Section | C1: Depth (m) | D1: Well / Location | E1: Picture 1 | F1: Picture 2 | G1: Thin Section - Image 1
A2: F7285V | B2: 7285V | C2: 5054.2 | D2: BR 1-BRSA-1045-SPS
A3: F7286H | B3: 7187-1 | C3: 5054.3 | D3: BR 1-BRSA-1045-SPS
A4: F7287H | B4: 71880-1 | C4: 5054.55 | D4: BR 1-BRSA-1045-SPS
A5: F7288H | B5: 7189-1 | C5: 5054.8 | D5: BR 1-BRSA-1045-SPS
A6: - | B6: 4587-1 | C6: 5055 | D6: BR 1-BRSA-1045-SPS
A7: F7289H | B7: 7190-1 | C7: 5055.1 | D7: BR 1-BRSA-1045-SPS
A8: F7290V | B8: 7290V | C8: 5055.2 | D8: BR 1-BRSA-1045-SPS
A9: F7291H | B9: 7191-1 | C9: 5055.4 | D9: BR 1-BRSA-1045-SPS
A10: F7292H | B10: 7192-1 | C10: 5055.75 | D10: BR 1-BRSA-1045-SPS
A11: F7293H | B11: 7193-2 | C11: 5056.1 | D11: BR 1-BRSA-1045-SPS
A12: F7294H | B12: 7194-1 | C12: 5056.4 | D12: BR 1-BRSA-1045-SPS
A13: F7295V | B13: 7295V | C13: 5056.5 | D13: BR 1-BRSA-1045-SPS
... A15: F7297H | B15: 7196-1 | C15: 5056.95 | D15: BR 3-BRSA-861-SPS
A16: F2829V | C16: 5206 | D16: BR 3-BRSA-861-SPS
A17: F2830H | C17: 5206.05 | D17: BR 3-BRSA-861-SPS
A18: F2846H | C18: 5210.05 | D18: BR 3-BRSA-861-SPS
A19: F2852H | C19: 5211.4 | D19: BR 3-BRSA-861-SPS
A20: F2853H | C20: 5211.8 | D20: BR 3-BRSA-861-SPS
A21: F2854H | C21: 5212.05 | D21: BR 3-BRSA-861-SPS
A22: F2855V | C22: 5212.15 | D22: BR 3-BRSA-861-SPS
A23: F2857H | C23: 5212.7 | D23: BR 3-BRSA-861-SPS
A24: F2858V | C24: 5212.75 | D24: BR 3-BRSA-861-SPS
A25: F2859H | C25: 5212.9 | D25: BR 3-BRSA-861-SPS
A26: F2868H | C26: 5215.2 | D26: BR 3-BRSA-861-SPS
A27: F2870H | C27: 5215.55 | D27: BR 3-BRSA-861-SPS
... A44: F2936H | C44: 5232.55 | D44: BR 3-BRSA-861-SPS
A45: COD-SA-01-AH | B45: 3586 | D45: Codó Fm.
A46: COD-SA-01-AV | B46: 3590 | D46: Codó Fm.
A47: COD-SA-01-BH | D47: Codó Fm.
A48: COD-SA-01-BV | B48: 3589 | D48: Codó Fm.
A49: COD-SA-01-CH | B49: 3587 | D49: Codó Fm.
A50: COD-SA-01-CV | D50: Codó Fm.
A51: COD-SA-01-DH | D51: Codó Fm.
A52: COD-SA-01-DV | D52: Codó Fm.
A53: COD-AS-01-EH | B53: 3591 | D53: Codó Fm.
A54: COD-AS-01-EV | B54: 3592 | D54: Codó Fm.
A55: COD-AS-01-FH | B55: 3588 | D55: Codó Fm.
A56: GRA-BAR-01-AH | B56: 3593 | D56: Codó Fm.
A57: GRA-BAR-01-AV | D57: Codó Fm.
A58: GRA-BAR-01-BH | D58: Codó Fm.
A59: GRA-BAR-01-BV | B59: 3598 | D59: Codó Fm.
A60: GRA-BAR-01-CH | B60: 3594 | D60: Codó Fm.
A61: GRA-BAR-01-CV | B61: 3597 | D61: Codó Fm.
A62: GRA-BAR-01-DH | D62: Codó Fm.
A63: GRA-BAR-01-DV | D63: Codó Fm.
A64: GRA-BAR-01-EH | B64: 3595 | D64: Codó Fm.
A65: GRA-BAR-01-EV | D65: Codó Fm.
A66: GRA-BAR-01-FH | D66: Codó Fm.
A67: GRA-BAR-01-FV | B67: 3599 | D67: Codó Fm.
A68: GRA-BAR-01-GH | B68: 3596 | D68: Codó Fm.
A69: GRA-BAR-01-GV | B69: 3600 | D69: Morro do Chaves Fm.
A70: A15 | D70: Morro do Chaves Fm.
A71: A17 | D71: Morro do Chaves Fm.
A72: A18 | D72: Morro do Chaves Fm.
A73: A18-1 | D73: Morro do Chaves Fm.
A74: A18-2 | D74: Morro do Chaves Fm.
A75: A18-3 | D75: Morro do Chaves Fm.
A76: Coq 101 | D76: Morro do Chaves Fm.
A77: Coq 10A | D77: Morro do Chaves Fm.
A78: Coq 10B | D78: Morro do Chaves Fm.
A79: Coq 112-1 | D79: Morro do Chaves Fm.
A80: Coq 112-2 | D80: Morro do Chaves Fm.
A81: Coq 112-3 | D81: Morro do Chaves Fm.
... A105: A4-LS | D105: Lagoa Salgada

Sheet MIP
A1: Sample ID | B1: Porosity (%) | C1: Total Intruded Volume (mL/g) | D1: Total Pore Area (m²/g) | E1: Median Pore Diameter (nm) | F1: Average Pore diameter (nm) | G1: Surface area | H1: Tortuosity | I1: Permeability_Saki (mD) | J1: Permeability_Winland (mD) | K1: Permeability_Kozenyy-Carman (mD) | L1: Permeability_Mean (mD) | M1: r35 (microns) | N1: Micropores (%) | O1: Mesopores (%) | P1: Macropores (%) | Q1: Pore Compressibility (1/psi) | R1: Pore Compressibility (1/GPa)
A2: COD-SA-01-AH | B2: 13 | C2: 0.0439 | D2: 12.67 | E2: 37.21 | F2: 13.86 | G2: 3.3352966 | H2: 1.7804354 | I2: 0.15240233 | J2: 0.16417677 | K2: 0.0031592681 | L2: 0.10657946 | M2: 0.07835375 | N2: 86.6423 | O2: 2.2568 | P2: 11.1009 | Q2: 5.1498468e-06 | R2: 0.74692183
A3: COD-SA-01-AV
A4: COD-SA-01-BH | B4: 7.4 | C4: 0.0523 | D4: 16.716 | E4: 33.06 | F4: 12.5 | G4: 3.9986334 | H4: 1.7613938 | I4: 0.073225958 | J4: 0.048414082 | K4: 0.0014349309 | L4: 0.04102499 | M4: 0.06218 | N4: 78.3322 | O4: 1.4266 | P4: 20.2412 | Q4: 5.8680432e-06 | R4: 0.85108737
A5: COD-SA-01-BV
A6: COD-SA-01-CH | B6: 14.3 | C6: 0.0496 | D6: 14.386 | E6: 41.2 | F6: 13.78 | G6: 3.7875149 | H6: 1.7667639 | I6: 0.16294807 | J6: 0.18891359 | K6: 0.0042934061 | L6: 0.11871836 | M6: 0.0783675 | N6: 86.293 | O6: 1.5923 | P6: 12.1147 | Q6: 5.5092918e-06 | R6: 0.79905491
A7: COD-SA-01-CV | B7: 8 | C7: 0.0539 | D7: 12.798 | E7: 73.93 | F7: 16.84 | G7: 3.3287955 | H7: 1.7579135 | I7: 0.091196488 | J7: 0.065739474 | K7: 0.0077729149 | L7: 0.054902959 | M7: 0.069585 | N7: 82.5159 | O7: 1.5608 | P7: 15.9233 | Q7: 5.4451618e-06 | R7: 0.78975364
A8: COD-SA-01-DH
A9: COD-SA-01-DV | B9: 17 | C9: 0.0601 | D9: 15.724 | E9: 62.4 | F9: 15.29 | G9: 4.0563213 | H9: 1.7515603 | I9: 0.16829998 | J9: 0.21977574 | K9: 0.011809813 | L9: 0.13329518 | M9: 0.07377 | N9: 85.1435 | O9: 2.1448 | P9: 12.7117 | Q9: 4.8563942e-06 | R9: 0.70436015
A10: COD-AS-01-EH
A11: COD-SA-01-EV | B11: 6.2 | C11: 0.0444 | D11: 12.724 | E11: 34.36 | F11: 13.94 | G11: 3.360554 | H11: 1.781808 | I11: 0.032447315 | J11: 0.016762042 | K11: 0.0012837697 | L11: 0.016831042 | M11: 0.03883125 | N11: 88.6986 | O11: 1.1946 | P11: 10.1068 | Q11: 7.6821484e-06 | R11: 1.114201
A12: COD-AS-01-FH
A13: GRA-BAR-01-AH | B13: 7.41 | C13: 0.0479 | D13: 11.938 | E13: 64.72 | F13: 16.04 | G13: 3.1545269 | H13: 1.7829192 | I13: 0.066802092 | J13: 0.043561159 | K13: 0.005440184 | L13: 0.038601145 | M13: 0.0583675 | N13: 91.0458 | O13: 1.1952 | P13: 7.759 | Q13: 3.7988051e-06 | R13: 0.55096988
A14: GRA-BAR-01-AV | B14: 11.9 | C14: 0.1167 | D14: 24.842 | E14: 262.47 | F14: 18.79 | G14: 6.4454547 | H14: 1.6397063 | I14: 1.603698 | J14: 2.3757307 | K14: 0.15623929 | L14: 1.378556 | M14: 0.407005 | N14: 69.951 | O14: 25.5522 | P14: 4.4968 | Q14: 4.4528485e-06 | R14: 0.64583082
A15: GRA-BAR-01-BH | B15: 24.48 | C15: 0.1121 | D15: 12.989 | E15: 606.62 | F15: 34.51 | G15: 3.4241797 | H15: 1.6433877 | I15: 3.5923372 | J15: 9.7340549 | K15: 1.7129901 | L15: 5.0131274 | M15: 0.500135 | N15: 62.8202 | O15: 30.7939 | P15: 6.3859 | Q15: 2.1482399e-06 | R15: 0.31157573
A16: GRA-BAR-01-BV | B16: 23 | C16: 0.0884 | D16: 15.598 | E16: 196.8 | F16: 22.7 | G16: 4.126086 | H16: 1.6977439 | I16: 1.5136533 | J16: 3.4279253 | K16: 0.16396678 | L16: 1.7018484 | M16: 0.28573875 | N16: 80.5488 | O16: 9.5943 | P16: 9.8569 | Q16: 3.2741024e-06 | R16: 0.47486822
A17: GRA-BAR-01-CH | B17: 9.38 | C17: 0.0625 | D17: 12.423 | E17: 78.19 | F17: 20.11 | G17: 3.2321937 | H17: 1.7521329 | I17: 0.18707487 | J17: 0.16799689 | K17: 0.010227942 | L17: 0.12176657 | M17: 0.1052925 | N17: 80.1496 | O17: 10.6821 | P17: 9.1683 | Q17: 3.863993e-06 | R17: 0.56042458
A18: GRA-BAR-01-CV | B18: 9 | C18: 0.0745 | D18: 19.115 | E18: 70.05 | F18: 15.59 | G18: 4.4583418 | H18: 1.7227172 | I18: 0.08339438 | J18: 0.06403726 | K18: 0.008011149 | L18: 0.051814263 | M18: 0.06189 | N18: 88.5584 | O18: 1.6676 | P18: 9.774 | Q18: 4.3060567e-06 | R18: 0.62454047
A19: GRA-BAR-01-DH | B19: 24.43 | C19: 0.0904 | D19: 16.637 | E19: 162.4 | F19: 21.74 | G19: 3.5664864 | H19: 1.6867407 | I19: 1.555117 | J19: 3.6803344 | K19: 0.11937056 | L19: 1.7849406 | M19: 0.2828 | N19: 74.7913 | O19: 9.1003 | P19: 16.1084 | Q19: 2.6073652e-06 | R19: 0.3781662
A20: GRA-BAR-01-DV | B20: 12.4 | C20: 0.0507 | D20: 10.376 | E20: 80.3 | F20: 19.53 | G20: 2.3490004 | H20: 1.7659076 | I20: 0.091699077 | J20: 0.088279634 | K20: 0.014149295 | L20: 0.064709335 | M20: 0.05667 | N20: 84.9031 | O20: 1.3351 | P20: 13.7618 | Q20: 2.8452404e-06 | R20: 0.41266707
A21: GRA-BAR-01-EH | B21: 13.5 | C21: 0.105 | D21: 15.518 | E21: 492.81 | F21: 27.07 | G21: 3.8248439 | H21: 1.6625099 | I21: 2.1663778 | J21: 3.6591053 | K21: 0.61628071 | L21: 2.1472546 | M21: 0.4705 | N21: 67.7655 | O21: 26.1774 | P21: 6.0571 | Q21: 3.0389429e-06 | R21: 0.44076124
A22: GRA-BAR-01-EV | B22: 12.51 | C22: 0.1014 | D22: 19.337 | E22: 200.78 | F22: 20.97 | G22: 5.0571797 | H22: 1.6725292 | I22: 1.1741548 | J22: 1.7100698 | K22: 0.094226818 | L22: 0.99281715 | M22: 0.32128125 | N22: 74.5818 | O22: 15.3005 | P22: 10.1177 | Q22: 3.6797495e-06 | R22: 0.53370233
A23: GRA-BAR-01-FH | B23: 20.91 | C23: 0.0796 | D23: 13.655 | E23: 143.57 | F23: 23.32 | G23: 3.5561031 | H23: 1.6966135 | I23: 0.81159333 | J23: 1.5623606 | K23: 0.079386842 | L23: 0.81778026 | M23: 0.19546143 | N23: 76.855 | O23: 13.3459 | P23: 9.7991 | Q23: 3.0780015e-06 | R23: 0.44642621
A24: GRA-BAR-01-FV | B24: 22.5 | C24: 0.088 | D24: 14.733 | E24: 166.62 | F24: 23.88 | G24: 3.8790504 | H24: 0.74841122 | I24: 0.59931139 | J24: 1.1533536 | K24: 0.26082337 | L24: 0.67116277 | M24: 0.15348 | N24: 92.8636 | O24: 0.8749 | P24: 6.2615 | Q24: 3.0199594e-06 | R24: 0.43800791
... A26: GRA-BAR-01-GV | B26: 10.1 | C26: 0.0877 | D26: 23.486 | E26: 75.93 | F26: 14.94 | G26: 6.476894 | H26: 1.7049248 | I26: 0.11693149 | J26: 0.10225526 | K26: 0.010673159 | L26: 0.076619971 | M26: 0.0737675 | N26: 84.1177 | O26: 2.0725 | P26: 13.8098 | Q26: 7.5555518e-06 | R26: 1.0958397
